{
    "totalSize": 78,
    "done": true,
    "records": [
        {
            "attributes": {
                "type": "Opportunity",
                "url": "/services/data/v50.0/sobjects/Opportunity/0062v00001NrJAMAA3"
            },
            "Id": "0062v00001NrJAMAA3",
            "Name": "My Learning Opp",
            "StageName": "Prospecting",
            "Amount": 100,
            "CloseDate": "2020-05-22",
            "Probability": 10,
            "IsWon": false
        },
        {
            "attributes": {
                "type": "Opportunity",
                "url": "/services/data/v50.0/sobjects/Opportunity/0062v00001OCVITAA5"
            },
            "Id": "0062v00001OCVITAA5",
            "Name": "My Batch Opportunity",
            "StageName": "Prospecting",
            "Amount": 100,
            "CloseDate": "2020-05-26",
            "Probability": 10,
            "IsWon": false
        },
        {
            "attributes": {
                "type": "Opportunity",
                "url": "/services/data/v50.0/sobjects/Opportunity/0062v00001NVJgNAAX"
            },
            "Id": "0062v00001NVJgNAAX",
            "Name": "Sahu Training Opportunity",
            "StageName": "Prospecting",
            "Amount": 400,
            "CloseDate": "2020-06-30",
            "Probability": 10,
            "IsWon": false
        },
        {
            "attributes": {
                "type": "Opportunity",
                "url": "/services/data/v50.0/sobjects/Opportunity/0062v00001NrIdhAAF"
            },
            "Id": "0062v00001NrIdhAAF",
            "Name": "fdfdf",
            "StageName": "Qualification",
            "Amount": 222,
            "CloseDate": "2020-05-22",
            "Probability": 10,
            "IsWon": false
        },
        {
            "attributes": {
                "type": "Opportunity",
                "url": "/services/data/v50.0/sobjects/Opportunity/0062v00001R0mV7AAJ"
            },
            "Id": "0062v00001R0mV7AAJ",
            "Name": "VBCS Learning Opp",
            "StageName": "Prospecting",
            "Amount": 100,
            "CloseDate": "2021-01-31",
            "Probability": 10,
            "IsWon": false
        },
        {
            "attributes": {
                "type": "Opportunity",
                "url": "/services/data/v50.0/sobjects/Opportunity/0062v00001R0mXrAAJ"
            },
            "Id": "0062v00001R0mXrAAJ",
            "Name": "US Learning1",
            "StageName": "Need Analysis",
            "Amount": 500,
            "CloseDate": "2021-01-31",
            "Probability": 0,
            "IsWon": false
        },
        {
            "attributes": {
                "type": "Opportunity",
                "url": "/services/data/v50.0/sobjects/Opportunity/0062v00001OO8xUAAT"
            },
            "Id": "0062v00001OO8xUAAT",
            "Name": "Publisher Opp",
            "StageName": "Prospecting",
            "Amount": 2300,
            "CloseDate": "2020-06-12",
            "Probability": 10,
            "IsWon": false
        },
        {
            "attributes": {
                "type": "Opportunity",
                "url": "/services/data/v50.0/sobjects/Opportunity/0062v00001OO8ywAAD"
            },
            "Id": "0062v00001OO8ywAAD",
            "Name": "Another Publisher Opp",
            "StageName": "Prospecting",
            "Amount": 100,
            "CloseDate": "2020-06-24",
            "Probability": 10,
            "IsWon": false
        },
        {
            "attributes": {
                "type": "Opportunity",
                "url": "/services/data/v50.0/sobjects/Opportunity/0062v00001MxxIsAAJ"
            },
            "Id": "0062v00001MxxIsAAJ",
            "Name": "TestOpp3",
            "StageName": "Prospecting",
            "Amount": 200,
            "CloseDate": "2020-04-08",
            "Probability": 10,
            "IsWon": false
        },
        {
            "attributes": {
                "type": "Opportunity",
                "url": "/services/data/v50.0/sobjects/Opportunity/0062v00001QIHWwAAP"
            },
            "Id": "0062v00001QIHWwAAP",
            "Name": "Testing new opp",
            "StageName": "Negotiation/Review",
            "Amount": 1000,
            "CloseDate": "2020-10-31",
            "Probability": 90,
            "IsWon": false
        },
        {
            "attributes": {
                "type": "Opportunity",
                "url": "/services/data/v50.0/sobjects/Opportunity/0062v00001Mv1FpAAJ"
            },
            "Id": "0062v00001Mv1FpAAJ",
            "Name": "New Opp Updated",
            "StageName": "Prospecting",
            "Amount": null,
            "CloseDate": "2020-03-31",
            "Probability": 10,
            "IsWon": false
        },
        {
            "attributes": {
                "type": "Opportunity",
                "url": "/services/data/v50.0/sobjects/Opportunity/0062v00001RRLh4AAH"
            },
            "Id": "0062v00001RRLh4AAH",
            "Name": "Udemy opp",
            "StageName": "Prospecting",
            "Amount": 200,
            "CloseDate": "2020-12-31",
            "Probability": 10,
            "IsWon": false
        },
        {
            "attributes": {
                "type": "Opportunity",
                "url": "/services/data/v50.0/sobjects/Opportunity/0062v00001RRLiCAAX"
            },
            "Id": "0062v00001RRLiCAAX",
            "Name": "test",
            "StageName": "Prospecting",
            "Amount": 100,
            "CloseDate": "2020-12-29",
            "Probability": 10,
            "IsWon": false
        },
        {
            "attributes": {
                "type": "Opportunity",
                "url": "/services/data/v50.0/sobjects/Opportunity/0062v00001QIHYTAA5"
            },
            "Id": "0062v00001QIHYTAA5",
            "Name": "test",
            "StageName": "Negotiation/Review",
            "Amount": 111,
            "CloseDate": "2020-10-31",
            "Probability": 90,
            "IsWon": false
        },
        {
            "attributes": {
                "type": "Opportunity",
                "url": "/services/data/v50.0/sobjects/Opportunity/0062v00001QIHYUAA5"
            },
            "Id": "0062v00001QIHYUAA5",
            "Name": "new opp-1",
            "StageName": "Negotiation/Review",
            "Amount": 100000,
            "CloseDate": "2020-10-31",
            "Probability": 90,
            "IsWon": false
        },
        {
            "attributes": {
                "type": "Opportunity",
                "url": "/services/data/v50.0/sobjects/Opportunity/0062v00001RRLtZAAX"
            },
            "Id": "0062v00001RRLtZAAX",
            "Name": "New Opp with callback",
            "StageName": "Prospecting",
            "Amount": 500,
            "CloseDate": "2020-12-31",
            "Probability": 10,
            "IsWon": false
        },
        {
            "attributes": {
                "type": "Opportunity",
                "url": "/services/data/v50.0/sobjects/Opportunity/0062v00001RRLtaAAH"
            },
            "Id": "0062v00001RRLtaAAH",
            "Name": "New Opp",
            "StageName": "Prospecting",
            "Amount": 1000,
            "CloseDate": "2020-12-31",
            "Probability": 10,
            "IsWon": false
        },
        {
            "attributes": {
                "type": "Opportunity",
                "url": "/services/data/v50.0/sobjects/Opportunity/0062v00001RRLy0AAH"
            },
            "Id": "0062v00001RRLy0AAH",
            "Name": "Pub/Sub Opp",
            "StageName": "Prospecting",
            "Amount": 100,
            "CloseDate": "2020-12-31",
            "Probability": 10,
            "IsWon": false
        },
        {
            "attributes": {
                "type": "Opportunity",
                "url": "/services/data/v50.0/sobjects/Opportunity/0062v00001OVLLqAAP"
            },
            "Id": "0062v00001OVLLqAAP",
            "Name": "My Batch 5 Opp",
            "StageName": "Prospecting",
            "Amount": 300,
            "CloseDate": "2020-07-31",
            "Probability": 10,
            "IsWon": false
        },
        {
            "attributes": {
                "type": "Opportunity",
                "url": "/services/data/v50.0/sobjects/Opportunity/0062v00001OWA0bAAH"
            },
            "Id": "0062v00001OWA0bAAH",
            "Name": "New Training Opportunity7",
            "StageName": "Prospecting",
            "Amount": 10000,
            "CloseDate": "2020-07-31",
            "Probability": 10,
            "IsWon": false
        },
        {
            "attributes": {
                "type": "Opportunity",
                "url": "/services/data/v50.0/sobjects/Opportunity/0062v00001OWA4dAAH"
            },
            "Id": "0062v00001OWA4dAAH",
            "Name": "New Opp",
            "StageName": "Prospecting",
            "Amount": 200,
            "CloseDate": "2020-07-14",
            "Probability": 10,
            "IsWon": false
        },
        {
            "attributes": {
                "type": "Opportunity",
                "url": "/services/data/v50.0/sobjects/Opportunity/0062v00001MwekOAAR"
            },
            "Id": "0062v00001MwekOAAR",
            "Name": "Lead Opportunity",
            "StageName": "Prospecting",
            "Amount": 10000,
            "CloseDate": "2020-03-26",
            "Probability": 10,
            "IsWon": false
        },
        {
            "attributes": {
                "type": "Opportunity",
                "url": "/services/data/v50.0/sobjects/Opportunity/0062v00001Lk9m6AAB"
            },
            "Id": "0062v00001Lk9m6AAB",
            "Name": "Demo Opp",
            "StageName": "Prospecting",
            "Amount": 1200,
            "CloseDate": "2020-02-22",
            "Probability": 10,
            "IsWon": false
        },
        {
            "attributes": {
                "type": "Opportunity",
                "url": "/services/data/v50.0/sobjects/Opportunity/0062v00001MwekYAAR"
            },
            "Id": "0062v00001MwekYAAR",
            "Name": "Tech Supper Opp",
            "StageName": "Prospecting",
            "Amount": 9000,
            "CloseDate": "2020-03-31",
            "Probability": 10,
            "IsWon": false
        },
        {
            "attributes": {
                "type": "Opportunity",
                "url": "/services/data/v50.0/sobjects/Opportunity/0062v00001QIHdxAAH"
            },
            "Id": "0062v00001QIHdxAAH",
            "Name": "test-1",
            "StageName": "Negotiation/Review",
            "Amount": 105000,
            "CloseDate": "2020-10-31",
            "Probability": 90,
            "IsWon": false
        },
        {
            "attributes": {
                "type": "Opportunity",
                "url": "/services/data/v50.0/sobjects/Opportunity/0062v00001R0mabAAB"
            },
            "Id": "0062v00001R0mabAAB",
            "Name": "Impementing VBCS",
            "StageName": "Qualification",
            "Amount": 4000,
            "CloseDate": "2021-01-31",
            "Probability": 10,
            "IsWon": false
        },
        {
            "attributes": {
                "type": "Opportunity",
                "url": "/services/data/v50.0/sobjects/Opportunity/0062v00001NrIXFAA3"
            },
            "Id": "0062v00001NrIXFAA3",
            "Name": "test opp",
            "StageName": "Prospecting",
            "Amount": 222,
            "CloseDate": "2020-05-22",
            "Probability": 10,
            "IsWon": false
        },
        {
            "attributes": {
                "type": "Opportunity",
                "url": "/services/data/v50.0/sobjects/Opportunity/0062v00001NrIcoAAF"
            },
            "Id": "0062v00001NrIcoAAF",
            "Name": "sdsdsd",
            "StageName": "Prospecting",
            "Amount": 4444,
            "CloseDate": "2020-05-22",
            "Probability": 10,
            "IsWon": false
        },
        {
            "attributes": {
                "type": "Opportunity",
                "url": "/services/data/v50.0/sobjects/Opportunity/0062v00001OCVIsAAP"
            },
            "Id": "0062v00001OCVIsAAP",
            "Name": "Test Opp Again",
            "StageName": "Prospecting",
            "Amount": 100,
            "CloseDate": "2020-05-25",
            "Probability": 10,
            "IsWon": false
        },
        {
            "attributes": {
                "type": "Opportunity",
                "url": "/services/data/v50.0/sobjects/Opportunity/0062v00001MwekdAAB"
            },
            "Id": "0062v00001MwekdAAB",
            "Name": "Oil Gas",
            "StageName": "Prospecting",
            "Amount": 1000,
            "CloseDate": "2020-03-25",
            "Probability": 10,
            "IsWon": false
        },
        {
            "attributes": {
                "type": "Opportunity",
                "url": "/services/data/v50.0/sobjects/Opportunity/0062v00001QIHYJAA5"
            },
            "Id": "0062v00001QIHYJAA5",
            "Name": "Testing new opp",
            "StageName": "Negotiation/Review",
            "Amount": 1000,
            "CloseDate": "2020-10-31",
            "Probability": 90,
            "IsWon": false
        },
        {
            "attributes": {
                "type": "Opportunity",
                "url": "/services/data/v50.0/sobjects/Opportunity/0062v00001QIHZHAA5"
            },
            "Id": "0062v00001QIHZHAA5",
            "Name": "qqqq",
            "StageName": "Negotiation/Review",
            "Amount": 1234,
            "CloseDate": "2020-10-31",
            "Probability": 90,
            "IsWon": false
        },
        {
            "attributes": {
                "type": "Opportunity",
                "url": "/services/data/v50.0/sobjects/Opportunity/0062v00001R0mWjAAJ"
            },
            "Id": "0062v00001R0mWjAAJ",
            "Name": "US Learning",
            "StageName": "Need Analysis",
            "Amount": 500,
            "CloseDate": "2021-01-31",
            "Probability": 0,
            "IsWon": false
        },
        {
            "attributes": {
                "type": "Opportunity",
                "url": "/services/data/v50.0/sobjects/Opportunity/0062v00001R0lZGAAZ"
            },
            "Id": "0062v00001R0lZGAAZ",
            "Name": "Learning VBCS",
            "StageName": "Qualified",
            "Amount": 10,
            "CloseDate": "2021-01-27",
            "Probability": 0,
            "IsWon": false
        },
        {
            "attributes": {
                "type": "Opportunity",
                "url": "/services/data/v50.0/sobjects/Opportunity/0062v00001R0lblAAB"
            },
            "Id": "0062v00001R0lblAAB",
            "Name": "new vbcs",
            "StageName": "Prospecting",
            "Amount": 100,
            "CloseDate": "2021-01-26",
            "Probability": 10,
            "IsWon": false
        },
        {
            "attributes": {
                "type": "Opportunity",
                "url": "/services/data/v50.0/sobjects/Opportunity/0062v00001R0hJEAAZ"
            },
            "Id": "0062v00001R0hJEAAZ",
            "Name": "postman",
            "StageName": "Prospecting",
            "Amount": 9300,
            "CloseDate": "2021-12-30",
            "Probability": 10,
            "IsWon": false
        },
        {
            "attributes": {
                "type": "Opportunity",
                "url": "/services/data/v50.0/sobjects/Opportunity/0062v00001R0hMgAAJ"
            },
            "Id": "0062v00001R0hMgAAJ",
            "Name": "postman",
            "StageName": "Prospecting",
            "Amount": 9300,
            "CloseDate": "2021-12-30",
            "Probability": 10,
            "IsWon": false
        },
        {
            "attributes": {
                "type": "Opportunity",
                "url": "/services/data/v50.0/sobjects/Opportunity/0062v00001R0ib0AAB"
            },
            "Id": "0062v00001R0ib0AAB",
            "Name": "postman",
            "StageName": "Prospecting",
            "Amount": 9300,
            "CloseDate": "2021-12-30",
            "Probability": 10,
            "IsWon": false
        },
        {
            "attributes": {
                "type": "Opportunity",
                "url": "/services/data/v50.0/sobjects/Opportunity/0062v00001RRKp7AAH"
            },
            "Id": "0062v00001RRKp7AAH",
            "Name": "My Batch9 opp",
            "StageName": "Prospecting",
            "Amount": 100,
            "CloseDate": "2020-12-31",
            "Probability": 10,
            "IsWon": false
        },
        {
            "attributes": {
                "type": "Opportunity",
                "url": "/services/data/v50.0/sobjects/Opportunity/0062v00001MxwCLAAZ"
            },
            "Id": "0062v00001MxwCLAAZ",
            "Name": "TestOpp1",
            "StageName": "Prospecting",
            "Amount": null,
            "CloseDate": "2020-04-08",
            "Probability": 10,
            "IsWon": false
        },
        {
            "attributes": {
                "type": "Opportunity",
                "url": "/services/data/v50.0/sobjects/Opportunity/0062v00001MxxCQAAZ"
            },
            "Id": "0062v00001MxxCQAAZ",
            "Name": "Testopp2",
            "StageName": "Prospecting",
            "Amount": null,
            "CloseDate": "2020-04-08",
            "Probability": 10,
            "IsWon": false
        },
        {
            "attributes": {
                "type": "Opportunity",
                "url": "/services/data/v50.0/sobjects/Opportunity/0062v00001Mv1G9AAJ"
            },
            "Id": "0062v00001Mv1G9AAJ",
            "Name": "Test Demo updated",
            "StageName": "Prospecting",
            "Amount": 123,
            "CloseDate": "2020-03-11",
            "Probability": 10,
            "IsWon": false
        },
        {
            "attributes": {
                "type": "Opportunity",
                "url": "/services/data/v50.0/sobjects/Opportunity/0062v00001OCVIYAA5"
            },
            "Id": "0062v00001OCVIYAA5",
            "Name": "New Batch Opp",
            "StageName": "Prospecting",
            "Amount": 200,
            "CloseDate": "2020-05-25",
            "Probability": 10,
            "IsWon": false
        },
        {
            "attributes": {
                "type": "Opportunity",
                "url": "/services/data/v50.0/sobjects/Opportunity/0062v00001RRLzhAAH"
            },
            "Id": "0062v00001RRLzhAAH",
            "Name": "New Opp With ATP",
            "StageName": "Prospecting",
            "Amount": 900,
            "CloseDate": "2020-12-30",
            "Probability": 10,
            "IsWon": false
        },
        {
            "attributes": {
                "type": "Opportunity",
                "url": "/services/data/v50.0/sobjects/Opportunity/0062v00001RRKrIAAX"
            },
            "Id": "0062v00001RRKrIAAX",
            "Name": "Another opp b9",
            "StageName": "Prospecting",
            "Amount": 200,
            "CloseDate": "2020-12-31",
            "Probability": 10,
            "IsWon": false
        },
        {
            "attributes": {
                "type": "Opportunity",
                "url": "/services/data/v50.0/sobjects/Opportunity/0062v00001MEWKUAA5"
            },
            "Id": "0062v00001MEWKUAA5",
            "Name": "Dickenson Mobile Generators",
            "StageName": "Qualification",
            "Amount": 15000,
            "CloseDate": "2019-12-13",
            "Probability": 10,
            "IsWon": false
        },
        {
            "attributes": {
                "type": "Opportunity",
                "url": "/services/data/v50.0/sobjects/Opportunity/0062v00001MEWKVAA5"
            },
            "Id": "0062v00001MEWKVAA5",
            "Name": "United Oil Office Portable Generators",
            "StageName": "Negotiation/Review",
            "Amount": 125000,
            "CloseDate": "2019-12-01",
            "Probability": 90,
            "IsWon": false
        },
        {
            "attributes": {
                "type": "Opportunity",
                "url": "/services/data/v50.0/sobjects/Opportunity/0062v00001MEWKWAA5"
            },
            "Id": "0062v00001MEWKWAA5",
            "Name": "Express Logistics Standby Generator",
            "StageName": "Closed Won",
            "Amount": 220000,
            "CloseDate": "2019-10-27",
            "Probability": 100,
            "IsWon": true
        },
        {
            "attributes": {
                "type": "Opportunity",
                "url": "/services/data/v50.0/sobjects/Opportunity/0062v00001MEWKXAA5"
            },
            "Id": "0062v00001MEWKXAA5",
            "Name": "GenePoint Standby Generator",
            "StageName": "Closed Won",
            "Amount": 85000,
            "CloseDate": "2019-12-04",
            "Probability": 100,
            "IsWon": true
        },
        {
            "attributes": {
                "type": "Opportunity",
                "url": "/services/data/v50.0/sobjects/Opportunity/0062v00001MEWKYAA5"
            },
            "Id": "0062v00001MEWKYAA5",
            "Name": "Grand Hotels Kitchen Generator",
            "StageName": "Id. Decision Makers",
            "Amount": 15000,
            "CloseDate": "2019-10-22",
            "Probability": 60,
            "IsWon": false
        },
        {
            "attributes": {
                "type": "Opportunity",
                "url": "/services/data/v50.0/sobjects/Opportunity/0062v00001MEWKZAA5"
            },
            "Id": "0062v00001MEWKZAA5",
            "Name": "United Oil Refinery Generators",
            "StageName": "Proposal/Price Quote",
            "Amount": 270000,
            "CloseDate": "2020-01-15",
            "Probability": 75,
            "IsWon": false
        },
        {
            "attributes": {
                "type": "Opportunity",
                "url": "/services/data/v50.0/sobjects/Opportunity/0062v00001MEWKaAAP"
            },
            "Id": "0062v00001MEWKaAAP",
            "Name": "United Oil SLA",
            "StageName": "Closed Won",
            "Amount": 120000,
            "CloseDate": "2020-01-22",
            "Probability": 100,
            "IsWon": true
        },
        {
            "attributes": {
                "type": "Opportunity",
                "url": "/services/data/v50.0/sobjects/Opportunity/0062v00001MEWKbAAP"
            },
            "Id": "0062v00001MEWKbAAP",
            "Name": "Grand Hotels Guest Portable Generators",
            "StageName": "Value Proposition",
            "Amount": 250000,
            "CloseDate": "2020-01-30",
            "Probability": 50,
            "IsWon": false
        },
        {
            "attributes": {
                "type": "Opportunity",
                "url": "/services/data/v50.0/sobjects/Opportunity/0062v00001MEWKcAAP"
            },
            "Id": "0062v00001MEWKcAAP",
            "Name": "Edge Emergency Generator",
            "StageName": "Closed Won",
            "Amount": 75000,
            "CloseDate": "2020-01-30",
            "Probability": 100,
            "IsWon": true
        },
        {
            "attributes": {
                "type": "Opportunity",
                "url": "/services/data/v50.0/sobjects/Opportunity/0062v00001MEWKdAAP"
            },
            "Id": "0062v00001MEWKdAAP",
            "Name": "University of AZ Portable Generators",
            "StageName": "Closed Won",
            "Amount": 50000,
            "CloseDate": "2019-10-31",
            "Probability": 100,
            "IsWon": true
        },
        {
            "attributes": {
                "type": "Opportunity",
                "url": "/services/data/v50.0/sobjects/Opportunity/0062v00001MEWKeAAP"
            },
            "Id": "0062v00001MEWKeAAP",
            "Name": "Pyramid Emergency Generators",
            "StageName": "Prospecting",
            "Amount": 100000,
            "CloseDate": "2019-12-09",
            "Probability": 10,
            "IsWon": false
        },
        {
            "attributes": {
                "type": "Opportunity",
                "url": "/services/data/v50.0/sobjects/Opportunity/0062v00001MEWKfAAP"
            },
            "Id": "0062v00001MEWKfAAP",
            "Name": "Express Logistics Portable Truck Generators",
            "StageName": "Value Proposition",
            "Amount": 80000,
            "CloseDate": "2019-10-25",
            "Probability": 50,
            "IsWon": false
        },
        {
            "attributes": {
                "type": "Opportunity",
                "url": "/services/data/v50.0/sobjects/Opportunity/0062v00001MEWKgAAP"
            },
            "Id": "0062v00001MEWKgAAP",
            "Name": "GenePoint Lab Generators",
            "StageName": "Id. Decision Makers",
            "Amount": 60000,
            "CloseDate": "2020-01-24",
            "Probability": 60,
            "IsWon": false
        },
        {
            "attributes": {
                "type": "Opportunity",
                "url": "/services/data/v50.0/sobjects/Opportunity/0062v00001MEWKhAAP"
            },
            "Id": "0062v00001MEWKhAAP",
            "Name": "GenePoint SLA",
            "StageName": "Closed Won",
            "Amount": 30000,
            "CloseDate": "2020-01-27",
            "Probability": 100,
            "IsWon": true
        },
        {
            "attributes": {
                "type": "Opportunity",
                "url": "/services/data/v50.0/sobjects/Opportunity/0062v00001MEWKiAAP"
            },
            "Id": "0062v00001MEWKiAAP",
            "Name": "United Oil Installations",
            "StageName": "Negotiation/Review",
            "Amount": 270000,
            "CloseDate": "2019-11-27",
            "Probability": 90,
            "IsWon": false
        },
        {
            "attributes": {
                "type": "Opportunity",
                "url": "/services/data/v50.0/sobjects/Opportunity/0062v00001MEWKjAAP"
            },
            "Id": "0062v00001MEWKjAAP",
            "Name": "Edge Installation",
            "StageName": "Closed Won",
            "Amount": 50000,
            "CloseDate": "2019-11-21",
            "Probability": 100,
            "IsWon": true
        },
        {
            "attributes": {
                "type": "Opportunity",
                "url": "/services/data/v50.0/sobjects/Opportunity/0062v00001MEWKkAAP"
            },
            "Id": "0062v00001MEWKkAAP",
            "Name": "Edge SLA",
            "StageName": "Closed Won",
            "Amount": 60000,
            "CloseDate": "2019-10-17",
            "Probability": 100,
            "IsWon": true
        },
        {
            "attributes": {
                "type": "Opportunity",
                "url": "/services/data/v50.0/sobjects/Opportunity/0062v00001MEWKlAAP"
            },
            "Id": "0062v00001MEWKlAAP",
            "Name": "United Oil Installations",
            "StageName": "Closed Won",
            "Amount": 270000,
            "CloseDate": "2019-11-26",
            "Probability": 100,
            "IsWon": true
        },
        {
            "attributes": {
                "type": "Opportunity",
                "url": "/services/data/v50.0/sobjects/Opportunity/0062v00001MEWKmAAP"
            },
            "Id": "0062v00001MEWKmAAP",
            "Name": "Grand Hotels Generator Installations",
            "StageName": "Closed Won",
            "Amount": 350000,
            "CloseDate": "2020-01-13",
            "Probability": 100,
            "IsWon": true
        },
        {
            "attributes": {
                "type": "Opportunity",
                "url": "/services/data/v50.0/sobjects/Opportunity/0062v00001MEWKnAAP"
            },
            "Id": "0062v00001MEWKnAAP",
            "Name": "United Oil Refinery Generators",
            "StageName": "Closed Won",
            "Amount": 915000,
            "CloseDate": "2020-01-08",
            "Probability": 100,
            "IsWon": true
        },
        {
            "attributes": {
                "type": "Opportunity",
                "url": "/services/data/v50.0/sobjects/Opportunity/0062v00001MEWKoAAP"
            },
            "Id": "0062v00001MEWKoAAP",
            "Name": "University of AZ Installations",
            "StageName": "Proposal/Price Quote",
            "Amount": 100000,
            "CloseDate": "2019-10-28",
            "Probability": 75,
            "IsWon": false
        },
        {
            "attributes": {
                "type": "Opportunity",
                "url": "/services/data/v50.0/sobjects/Opportunity/0062v00001MEWKpAAP"
            },
            "Id": "0062v00001MEWKpAAP",
            "Name": "Express Logistics SLA",
            "StageName": "Perception Analysis",
            "Amount": 120000,
            "CloseDate": "2019-10-26",
            "Probability": 70,
            "IsWon": false
        },
        {
            "attributes": {
                "type": "Opportunity",
                "url": "/services/data/v50.0/sobjects/Opportunity/0062v00001MEWKqAAP"
            },
            "Id": "0062v00001MEWKqAAP",
            "Name": "University of AZ SLA",
            "StageName": "Closed Won",
            "Amount": 90000,
            "CloseDate": "2019-11-04",
            "Probability": 100,
            "IsWon": true
        },
        {
            "attributes": {
                "type": "Opportunity",
                "url": "/services/data/v50.0/sobjects/Opportunity/0062v00001MEWKrAAP"
            },
            "Id": "0062v00001MEWKrAAP",
            "Name": "Burlington Textiles Weaving Plant Generator",
            "StageName": "Closed Won",
            "Amount": 235000,
            "CloseDate": "2019-12-06",
            "Probability": 100,
            "IsWon": true
        },
        {
            "attributes": {
                "type": "Opportunity",
                "url": "/services/data/v50.0/sobjects/Opportunity/0062v00001MEWKsAAP"
            },
            "Id": "0062v00001MEWKsAAP",
            "Name": "United Oil Installations",
            "StageName": "Closed Won",
            "Amount": 235000,
            "CloseDate": "2019-12-08",
            "Probability": 100,
            "IsWon": true
        },
        {
            "attributes": {
                "type": "Opportunity",
                "url": "/services/data/v50.0/sobjects/Opportunity/0062v00001MEWKtAAP"
            },
            "Id": "0062v00001MEWKtAAP",
            "Name": "United Oil Emergency Generators",
            "StageName": "Closed Won",
            "Amount": 440000,
            "CloseDate": "2019-11-20",
            "Probability": 100,
            "IsWon": true
        },
        {
            "attributes": {
                "type": "Opportunity",
                "url": "/services/data/v50.0/sobjects/Opportunity/0062v00001MEWKuAAP"
            },
            "Id": "0062v00001MEWKuAAP",
            "Name": "Grand Hotels SLA",
            "StageName": "Closed Won",
            "Amount": 90000,
            "CloseDate": "2019-10-24",
            "Probability": 100,
            "IsWon": true
        },
        {
            "attributes": {
                "type": "Opportunity",
                "url": "/services/data/v50.0/sobjects/Opportunity/0062v00001MEWKvAAP"
            },
            "Id": "0062v00001MEWKvAAP",
            "Name": "United Oil Standby Generators",
            "StageName": "Closed Won",
            "Amount": 120000,
            "CloseDate": "2020-01-23",
            "Probability": 100,
            "IsWon": true
        },
        {
            "attributes": {
                "type": "Opportunity",
                "url": "/services/data/v50.0/sobjects/Opportunity/0062v00001MEWKwAAP"
            },
            "Id": "0062v00001MEWKwAAP",
            "Name": "Grand Hotels Emergency Generators",
            "StageName": "Closed Won",
            "Amount": 210000,
            "CloseDate": "2020-01-11",
            "Probability": 100,
            "IsWon": true
        },
        {
            "attributes": {
                "type": "Opportunity",
                "url": "/services/data/v50.0/sobjects/Opportunity/0062v00001MEWKxAAP"
            },
            "Id": "0062v00001MEWKxAAP",
            "Name": "United Oil Plant Standby Generators",
            "StageName": "Needs Analysis",
            "Amount": 675000,
            "CloseDate": "2019-12-25",
            "Probability": 20,
            "IsWon": false
        },
        {
            "attributes": {
                "type": "Opportunity",
                "url": "/services/data/v50.0/sobjects/Opportunity/0062v00001MEWKyAAP"
            },
            "Id": "0062v00001MEWKyAAP",
            "Name": "Edge Emergency Generator",
            "StageName": "Id. Decision Makers",
            "Amount": 35000,
            "CloseDate": "2020-02-05",
            "Probability": 60,
            "IsWon": false
        },
        {
            "attributes": {
                "type": "Opportunity",
                "url": "/services/data/v50.0/sobjects/Opportunity/0062v00001LjMo1AAF"
            },
            "Id": "0062v00001LjMo1AAF",
            "Name": "My opp",
            "StageName": "Prospecting",
            "Amount": null,
            "CloseDate": "2020-02-15",
            "Probability": 10,
            "IsWon": false
        },
        {
            "attributes": {
                "type": "Opportunity",
                "url": "/services/data/v50.0/sobjects/Opportunity/0062v00001LjMo6AAF"
            },
            "Id": "0062v00001LjMo6AAF",
            "Name": "Another Opp test opp",
            "StageName": "Prospecting",
            "Amount": null,
            "CloseDate": "2020-02-19",
            "Probability": 10,
            "IsWon": false
        }
    ]
}