{
    "openapi": "3.0.0",
    "info": {
        "version": "11.13.18.05",
        "title": "Sales and Service",
        "description": "",
        "x-vb": {
            "serviceType": "adf-describe",
            "transforms": {
                "path": "vb/BusinessObjectsTransforms"
            }
        }
    },
    "servers": [
        {
            "url": "vb-catalog://backends/crmRestApi/11.13.18.05"
        }
    ],
    "tags": [
        {
            "name": "salesOrders",
            "description": "The name of the service data object used to integrate quotes and sales orders"
        }
    ],
    "paths": {
        "/salesOrders": {
            "get": {
                "tags": [
                    "salesOrders"
                ],
                "summary": "get",
                "description": "get",
                "operationId": "getall_salesOrders",
                "parameters": [
                    {
                        "$ref": "#/components/parameters/expand"
                    },
                    {
                        "$ref": "#/components/parameters/fields"
                    },
                    {
                        "$ref": "#/components/parameters/onlyData"
                    },
                    {
                        "$ref": "#/components/parameters/links"
                    },
                    {
                        "$ref": "#/components/parameters/limit"
                    },
                    {
                        "$ref": "#/components/parameters/offset"
                    },
                    {
                        "$ref": "#/components/parameters/totalResults"
                    },
                    {
                        "$ref": "#/components/parameters/q"
                    },
                    {
                        "$ref": "#/components/parameters/orderBy"
                    },
                    {
                        "$ref": "#/components/parameters/salesOrders-finder"
                    },
                    {
                        "$ref": "#/components/parameters/REST-Framework-Version"
                    },
                    {
                        "$ref": "#/components/parameters/Metadata-Context"
                    }
                ],
                "responses": {
                    "default": {
                        "$ref": "#/components/responses/salesOrders-collection-response"
                    }
                }
            },
            "post": {
                "tags": [
                    "salesOrders"
                ],
                "summary": "create or upsert",
                "description": "create or upsert",
                "operationId": "create_salesOrders",
                "parameters": [
                    {
                        "$ref": "#/components/parameters/Upsert-Mode"
                    },
                    {
                        "$ref": "#/components/parameters/REST-Framework-Version"
                    },
                    {
                        "$ref": "#/components/parameters/Metadata-Context"
                    }
                ],
                "requestBody": {
                    "$ref": "#/components/requestBodies/salesOrders-item-post-request"
                },
                "responses": {
                    "default": {
                        "$ref": "#/components/responses/salesOrders-item-response"
                    }
                }
            }
        }
    },
    "components": {
        "schemas": {
            "salesOrders": {
                "x-hints": {
                    "group": "OEC",
                    "usage": "BusinessObject"
                },
                "allOf": [
                    {
                        "$ref": "#/components/schemas/CollectionProperties"
                    },
                    {
                        "properties": {
                            "items": {
                                "items": {
                                    "$ref": "#/components/schemas/salesOrders-item-response"
                                },
                                "type": "array",
                                "description": "The items in the collection.",
                                "title": "Items"
                            }
                        },
                        "type": "object"
                    }
                ]
            },
            "CollectionProperties": {
                "type": "object",
                "properties": {
                    "totalResults": {
                        "type": "integer",
                        "description": "The estimated row count when \"?totalResults=true\", otherwise the count is not included."
                    },
                    "count": {
                        "type": "integer",
                        "description": "The number of resource instances returned in the current range."
                    },
                    "hasMore": {
                        "type": "boolean",
                        "description": "Indicates whether more resources are available on the server than the subset returned in the response. If the value is true, then there are more resources to retrieve from the server. The default value is false."
                    },
                    "limit": {
                        "type": "integer",
                        "description": "The actual paging size used by the server."
                    },
                    "offset": {
                        "type": "integer",
                        "description": "The offset value used in the current page."
                    },
                    "links": {
                        "type": "array",
                        "items": {
                            "$ref": "#/components/schemas/link"
                        },
                        "description": "The link relations associated with the resource instance.",
                        "title": "Links"
                    }
                },
                "required": [
                    "count",
                    "hasMore",
                    "limit",
                    "offset",
                    "links"
                ]
            },
            "link": {
                "type": "object",
                "properties": {
                    "href": {
                        "type": "string",
                        "description": "The URI to the related resource.",
                        "title": "hyperlink reference"
                    },
                    "rel": {
                        "type": "string",
                        "description": "The name of the relation to the resource instance.  Example: self.",
                        "title": "relation",
                        "enum": [
                            "self",
                            "lov",
                            "parent",
                            "canonical",
                            "child",
                            "enclosure",
                            "action",
                            "custom"
                        ]
                    },
                    "name": {
                        "type": "string",
                        "description": "The name of the link to the related resource.",
                        "title": "name"
                    },
                    "kind": {
                        "type": "string",
                        "description": "The kind of the related resource.",
                        "title": "kind",
                        "enum": [
                            "collection",
                            "item",
                            "describe",
                            "other"
                        ]
                    },
                    "properties": {
                        "type": "object",
                        "properties": {
                            "changeIndicator": {
                                "type": "string",
                                "description": "Change indicator or the ETag value of the resource instance."
                            }
                        }
                    }
                }
            },
            "salesOrders-item-response": {
                "allOf": [
                    {
                        "$ref": "#/components/schemas/ItemProperties"
                    },
                    {
                        "$ref": "#/components/schemas/oracle_apps_crmCommon_orders_salesOrdersService_view_SalesOrderHeaderVO-item"
                    },
                    {
                        "x-links": {
                            "YesNoLookupPVO": {
                                "operationRef": "/crmRestApi/resources/11.12.0.0/fndStaticLookups/describe#/paths/~1fndStaticLookups/get",
                                "x-lov": {
                                    "definedOn": "$this#/ActiveVersionFlag",
                                    "valueField": "LookupCode",
                                    "displayFields": [
                                        "Meaning"
                                    ]
                                },
                                "parameters": {
                                    "finder": "LookupTypeFinder%3BBindLookupType%3DYES_NO"
                                }
                            },
                            "StatusLookupPVO": {
                                "operationRef": "/crmRestApi/resources/11.12.0.0/fndStaticLookups/describe#/paths/~1fndStaticLookups/get",
                                "x-lov": {
                                    "definedOn": "$this#/Status",
                                    "valueField": "LookupCode",
                                    "displayFields": [
                                        "Meaning"
                                    ]
                                },
                                "parameters": {
                                    "finder": "LookupTypeIsEnabledFinder%3BBindLookupType%3DORA_ZCA_SO_STATUS"
                                }
                            },
                            "WinStatusLOV": {
                                "operationRef": "/crmRestApi/resources/11.12.0.0/fndStaticLookups/describe#/paths/~1fndStaticLookups/get",
                                "x-lov": {
                                    "definedOn": "$this#/WinStatusCode",
                                    "valueField": "LookupCode",
                                    "displayFields": [
                                        "Meaning"
                                    ]
                                },
                                "parameters": {
                                    "finder": "LookupTypeFinder%3BBindLookupType%3DORA_ZCA_WIN_STATUS"
                                }
                            },
                            "SalesOrderActiveVersionVA": {
                                "operationRef": "#/paths/~1salesOrders~1{salesOrders_Id}~1child~1SalesOrderActiveVersionVA/get",
                                "parameters": {
                                    "salesOrders_Id": "$request.path.salesOrders_Id"
                                }
                            },
                            "SalesOrderLine": {
                                "operationRef": "#/paths/~1salesOrders~1{salesOrders_Id}~1child~1SalesOrderLine/get",
                                "parameters": {
                                    "salesOrders_Id": "$request.path.salesOrders_Id"
                                }
                            },
                            "self": {
                                "operationRef": "#/paths/~1salesOrders~1{salesOrders_Id}/get",
                                "parameters": {
                                    "salesOrders_Id": "$request.path.salesOrders_Id"
                                }
                            },
                            "canonical": {
                                "operationRef": "#/paths/~1salesOrders~1{salesOrders_Id}/get",
                                "parameters": {
                                    "salesOrders_Id": "$request.path.salesOrders_Id"
                                }
                            }
                        }
                    },
                    {
                        "properties": {
                            "SalesOrderActiveVersionVA": {
                                "$ref": "#/components/schemas/salesOrders-SalesOrderActiveVersionVA"
                            },
                            "SalesOrderLine": {
                                "$ref": "#/components/schemas/salesOrders-SalesOrderLine"
                            }
                        },
                        "type": "object"
                    }
                ]
            },
            "ItemProperties": {
                "type": "object",
                "properties": {
                    "links": {
                        "type": "array",
                        "items": {
                            "$ref": "#/components/schemas/link"
                        },
                        "description": "The link relations associated with the resource instance.",
                        "title": "Links"
                    }
                }
            },
            "oracle_apps_crmCommon_orders_salesOrdersService_view_SalesOrderHeaderVO-item": {
                "title": "Sales Orders",
                "allOf": [
                    {
                        "$ref": "#/components/schemas/oracle_apps_crmCommon_orders_salesOrdersService_view_SalesOrderHeaderVO-readOnlyFields"
                    },
                    {
                        "$ref": "#/components/schemas/oracle_apps_crmCommon_orders_salesOrdersService_view_SalesOrderHeaderVO-createOnlyFields"
                    },
                    {
                        "$ref": "#/components/schemas/oracle_apps_crmCommon_orders_salesOrdersService_view_SalesOrderHeaderVO-updatableFields"
                    }
                ]
            },
            "oracle_apps_crmCommon_orders_salesOrdersService_view_SalesOrderHeaderVO-readOnlyFields": {
                "properties": {
                    "CreatedBy": {
                        "type": "string",
                        "readOnly": true,
                        "title": "Created By",
                        "maxLength": 64,
                        "x-queryable": false,
                        "nullable": false
                    },
                    "CreationDate": {
                        "type": "string",
                        "format": "date-time",
                        "readOnly": true,
                        "title": "Creation Date",
                        "nullable": false
                    },
                    "LastUpdateDate": {
                        "type": "string",
                        "format": "date-time",
                        "readOnly": true,
                        "title": "Last Updated",
                        "nullable": false,
                        "description": "last update date when record was updated"
                    },
                    "LastUpdateLogin": {
                        "type": "string",
                        "readOnly": true,
                        "title": "Last Update Login",
                        "maxLength": 32,
                        "x-queryable": false,
                        "nullable": false
                    },
                    "LastUpdatedBy": {
                        "type": "string",
                        "readOnly": true,
                        "title": "Last Updated By",
                        "maxLength": 64,
                        "x-queryable": false,
                        "nullable": false
                    },
                    "OptyNumber": {
                        "type": "string",
                        "readOnly": true,
                        "title": "Opportunity Number",
                        "maxLength": 30,
                        "nullable": false
                    },
                    "SalesAccountUniqueName": {
                        "type": "string",
                        "readOnly": true,
                        "title": "Customer",
                        "maxLength": 900,
                        "x-queryable": false,
                        "nullable": true,
                        "description": "Name of the customer account"
                    },
                    "UpdateFlag": {
                        "type": "boolean",
                        "readOnly": true,
                        "x-queryable": false,
                        "nullable": true,
                        "description": "This flag controls if the user has access to update the record"
                    },
                    "DeleteFlag": {
                        "type": "boolean",
                        "readOnly": true,
                        "x-queryable": false,
                        "nullable": true,
                        "description": "This flag controls if the user has access to delete the record"
                    },
                    "ProposalUrl": {
                        "type": "string",
                        "readOnly": true,
                        "title": "Proposal URL",
                        "x-queryable": false,
                        "nullable": true,
                        "description": "URL to fetch quote proposal document"
                    },
                    "SoldCustPartyNumber": {
                        "type": "string",
                        "readOnly": true,
                        "title": "Account Party Number",
                        "maxLength": 30,
                        "nullable": false
                    },
                    "SoldContactPartyNumber": {
                        "type": "string",
                        "readOnly": true,
                        "title": "Contact Party Number",
                        "maxLength": 30,
                        "nullable": false
                    }
                },
                "type": "object"
            },
            "oracle_apps_crmCommon_orders_salesOrdersService_view_SalesOrderHeaderVO-createOnlyFields": {
                "properties": {
                    "OrderHeaderId": {
                        "type": "integer",
                        "format": "int64",
                        "title": "ID",
                        "nullable": false,
                        "x-hints": {
                            "precision": 18
                        },
                        "description": "Unique identifier for the quote or Order"
                    },
                    "OrderHeaderNumber": {
                        "type": "string",
                        "title": "Quote or Order Number",
                        "maxLength": 30,
                        "nullable": true
                    }
                },
                "type": "object"
            },
            "oracle_apps_crmCommon_orders_salesOrdersService_view_SalesOrderHeaderVO-updatableFields": {
                "properties": {
                    "CurrencyCode": {
                        "type": "string",
                        "title": "Currency",
                        "maxLength": 15,
                        "x-queryable": false,
                        "nullable": true,
                        "description": "Currency code"
                    },
                    "ExpirationDate": {
                        "type": "string",
                        "format": "date-time",
                        "title": "Valid to Date",
                        "nullable": true,
                        "description": "Expiration Date of the Quote or Order"
                    },
                    "ExternalReferenceNumber": {
                        "type": "string",
                        "title": "Reference Number",
                        "maxLength": 64,
                        "x-queryable": false,
                        "nullable": true,
                        "description": "Identifier for the External Quote/Order"
                    },
                    "LastOptySyncDate": {
                        "type": "string",
                        "format": "date-time",
                        "title": "Last Synchronized",
                        "x-queryable": false,
                        "nullable": true,
                        "description": "Last Opportunity Sync date for the quote to identify the Active version of the quote for the opportunity."
                    },
                    "Name": {
                        "type": "string",
                        "title": "Name",
                        "maxLength": 275,
                        "nullable": true,
                        "description": "Store the Quote/Order Name"
                    },
                    "OptyId": {
                        "type": "integer",
                        "format": "int64",
                        "title": "Opportunity ID",
                        "nullable": true,
                        "x-hints": {
                            "precision": 18
                        },
                        "description": "Opportunity Id for the Quote is created"
                    },
                    "OrderTotal": {
                        "type": "number",
                        "title": "Amount",
                        "nullable": true,
                        "description": "Total Amount"
                    },
                    "ProposalExistFlag": {
                        "type": "boolean",
                        "title": "Proposal",
                        "maxLength": 1,
                        "x-queryable": false,
                        "nullable": true,
                        "description": "Flag to identify the associated proposal for the Quote. Valid values are Y or N"
                    },
                    "SoldContactPartyId": {
                        "type": "integer",
                        "format": "int64",
                        "title": "Contact ID",
                        "x-queryable": false,
                        "nullable": true,
                        "x-hints": {
                            "precision": 18
                        },
                        "description": "Customer Contact Party Identifier"
                    },
                    "SoldCustomerPartyId": {
                        "type": "integer",
                        "format": "int64",
                        "title": "Customer ID",
                        "nullable": true,
                        "x-hints": {
                            "precision": 18
                        },
                        "description": "Customer Party Identifier"
                    },
                    "SoldPartySiteId": {
                        "type": "integer",
                        "format": "int64",
                        "title": "Address ID",
                        "x-queryable": false,
                        "nullable": true,
                        "x-hints": {
                            "precision": 18
                        },
                        "description": "Customer Address Identifier"
                    },
                    "VersionNumber": {
                        "type": "integer",
                        "format": "int64",
                        "title": "Version",
                        "x-queryable": false,
                        "nullable": true,
                        "x-hints": {
                            "precision": 18
                        },
                        "description": "Version Number of the Quote/Order"
                    },
                    "ActiveVersionFlag": {
                        "type": "boolean",
                        "title": "Active",
                        "maxLength": 1,
                        "nullable": true,
                        "x-hints": {
                            "controlType": "choice"
                        },
                        "description": "active version flag"
                    },
                    "Owner": {
                        "type": "string",
                        "title": "Owner",
                        "maxLength": 360,
                        "x-queryable": false,
                        "nullable": true,
                        "description": "Quote Owner"
                    },
                    "Description": {
                        "type": "string",
                        "title": "Description",
                        "maxLength": 360,
                        "x-queryable": false,
                        "nullable": true,
                        "description": "Quote  Description"
                    },
                    "ExternalSystemReferenceCode": {
                        "type": "string",
                        "title": "Reference Code",
                        "maxLength": 30,
                        "x-queryable": false,
                        "nullable": true,
                        "description": "External reference(Third party) type for the Quote or Order. Big machines will pass BMQUOTE"
                    },
                    "Status": {
                        "type": "string",
                        "title": "Status",
                        "maxLength": 255,
                        "nullable": true,
                        "x-hints": {
                            "controlType": "choice"
                        },
                        "description": "The exact quote status sent by BM"
                    },
                    "WinStatusCode": {
                        "type": "string",
                        "default": "ZCA_IN_PROGRESS",
                        "title": "Win Status",
                        "maxLength": 30,
                        "nullable": true,
                        "x-hints": {
                            "controlType": "choice"
                        },
                        "description": "Lookup code for lookup type=ORA_ZCA_WIN_STATUS"
                    },
                    "PlacedOnDate": {
                        "type": "string",
                        "format": "date-time",
                        "title": "Placed On",
                        "nullable": true,
                        "description": "Date on which Order was placed"
                    },
                    "CrmConversionRate": {
                        "type": "number",
                        "title": "Currency Conversion Rate",
                        "x-queryable": false,
                        "nullable": true
                    },
                    "ExternalQuoteNumber": {
                        "type": "string",
                        "title": "Quote ID",
                        "maxLength": 30,
                        "nullable": true,
                        "description": "Identifier from source system that created this Quote"
                    },
                    "SalesAccountId": {
                        "type": "integer",
                        "format": "int64",
                        "title": "Account ID",
                        "x-queryable": false,
                        "nullable": true,
                        "x-hints": {
                            "precision": 18
                        }
                    }
                },
                "type": "object"
            },
            "salesOrders-SalesOrderActiveVersionVA": {
                "allOf": [
                    {
                        "$ref": "#/components/schemas/CollectionProperties"
                    },
                    {
                        "properties": {
                            "items": {
                                "items": {
                                    "$ref": "#/components/schemas/salesOrders-SalesOrderActiveVersionVA-item-response"
                                },
                                "type": "array",
                                "description": "The items in the collection.",
                                "title": "Items"
                            }
                        },
                        "type": "object"
                    }
                ]
            },
            "salesOrders-SalesOrderActiveVersionVA-item-response": {
                "allOf": [
                    {
                        "$ref": "#/components/schemas/ItemProperties"
                    },
                    {
                        "$ref": "#/components/schemas/oracle_apps_crmCommon_orders_salesOrdersService_view_SalesOrderActiveVersionVO-item"
                    },
                    {
                        "x-links": {
                            "self": {
                                "operationRef": "#/paths/~1salesOrders~1{salesOrders_Id}~1child~1SalesOrderActiveVersionVA~1{salesOrders_SalesOrderActiveVersionVA_Id}/get",
                                "parameters": {
                                    "salesOrders_Id": "$request.path.salesOrders_Id",
                                    "salesOrders_SalesOrderActiveVersionVA_Id": "$request.path.salesOrders_SalesOrderActiveVersionVA_Id"
                                }
                            },
                            "parent": {
                                "operationRef": "#/paths/~1salesOrders~1{salesOrders_Id}/get",
                                "parameters": {
                                    "salesOrders_Id": "$request.path.salesOrders_Id"
                                }
                            },
                            "canonical": {
                                "operationRef": "#/paths/~1salesOrders~1{salesOrders_Id}~1child~1SalesOrderActiveVersionVA~1{salesOrders_SalesOrderActiveVersionVA_Id}/get",
                                "parameters": {
                                    "salesOrders_Id": "$request.path.salesOrders_Id",
                                    "salesOrders_SalesOrderActiveVersionVA_Id": "$request.path.salesOrders_SalesOrderActiveVersionVA_Id"
                                }
                            }
                        }
                    }
                ]
            },
            "oracle_apps_crmCommon_orders_salesOrdersService_view_SalesOrderActiveVersionVO-item": {
                "allOf": [
                    {
                        "$ref": "#/components/schemas/oracle_apps_crmCommon_orders_salesOrdersService_view_SalesOrderActiveVersionVO-readOnlyFields"
                    }
                ]
            },
            "oracle_apps_crmCommon_orders_salesOrdersService_view_SalesOrderActiveVersionVO-readOnlyFields": {
                "properties": {
                    "ActiveVersion": {
                        "type": "string",
                        "readOnly": true,
                        "maxLength": 255,
                        "nullable": true
                    },
                    "OrderHeaderId": {
                        "type": "integer",
                        "readOnly": true,
                        "nullable": true
                    }
                },
                "type": "object"
            },
            "salesOrders-SalesOrderLine": {
                "allOf": [
                    {
                        "$ref": "#/components/schemas/CollectionProperties"
                    },
                    {
                        "properties": {
                            "items": {
                                "items": {
                                    "$ref": "#/components/schemas/salesOrders-SalesOrderLine-item-response"
                                },
                                "type": "array",
                                "description": "The items in the collection.",
                                "title": "Items"
                            }
                        },
                        "type": "object"
                    }
                ]
            },
            "salesOrders-SalesOrderLine-item-response": {
                "allOf": [
                    {
                        "$ref": "#/components/schemas/ItemProperties"
                    },
                    {
                        "$ref": "#/components/schemas/oracle_apps_crmCommon_orders_salesOrdersService_view_SalesOrderLineVO-item"
                    },
                    {
                        "x-links": {
                            "self": {
                                "operationRef": "#/paths/~1salesOrders~1{salesOrders_Id}~1child~1SalesOrderLine~1{salesOrders_SalesOrderLine_Id}/get",
                                "parameters": {
                                    "salesOrders_Id": "$request.path.salesOrders_Id",
                                    "salesOrders_SalesOrderLine_Id": "$request.path.salesOrders_SalesOrderLine_Id"
                                }
                            },
                            "parent": {
                                "operationRef": "#/paths/~1salesOrders~1{salesOrders_Id}/get",
                                "parameters": {
                                    "salesOrders_Id": "$request.path.salesOrders_Id"
                                }
                            },
                            "canonical": {
                                "operationRef": "#/paths/~1salesOrders~1{salesOrders_Id}~1child~1SalesOrderLine~1{salesOrders_SalesOrderLine_Id}/get",
                                "parameters": {
                                    "salesOrders_Id": "$request.path.salesOrders_Id",
                                    "salesOrders_SalesOrderLine_Id": "$request.path.salesOrders_SalesOrderLine_Id"
                                }
                            }
                        }
                    }
                ]
            },
            "oracle_apps_crmCommon_orders_salesOrdersService_view_SalesOrderLineVO-item": {
                "title": "Quote and Order Line",
                "x-hints": {
                    "titlePlural": "Quote and Order Lines"
                },
                "allOf": [
                    {
                        "$ref": "#/components/schemas/oracle_apps_crmCommon_orders_salesOrdersService_view_SalesOrderLineVO-readOnlyFields"
                    },
                    {
                        "$ref": "#/components/schemas/oracle_apps_crmCommon_orders_salesOrdersService_view_SalesOrderLineVO-createOnlyFields"
                    },
                    {
                        "$ref": "#/components/schemas/oracle_apps_crmCommon_orders_salesOrdersService_view_SalesOrderLineVO-updatableFields"
                    }
                ]
            },
            "oracle_apps_crmCommon_orders_salesOrdersService_view_SalesOrderLineVO-readOnlyFields": {
                "properties": {
                    "ItemNumber": {
                        "type": "string",
                        "readOnly": true,
                        "title": "Item Number",
                        "maxLength": 300,
                        "x-queryable": false,
                        "nullable": false,
                        "description": "The item number of the product associated with the sales order line."
                    },
                    "CreationDate": {
                        "type": "string",
                        "format": "date-time",
                        "readOnly": true,
                        "title": "Creation Date",
                        "x-queryable": false,
                        "nullable": false,
                        "description": "The date and time when the record was created."
                    },
                    "CreatedBy": {
                        "type": "string",
                        "readOnly": true,
                        "title": "Created By",
                        "maxLength": 64,
                        "x-queryable": false,
                        "nullable": false,
                        "description": "The label indicates the current win or loss status of an order line."
                    },
                    "LastUpdateDate": {
                        "type": "string",
                        "format": "date-time",
                        "readOnly": true,
                        "title": "Last Updated",
                        "x-queryable": false,
                        "nullable": false,
                        "description": "The date and time when the record was last updated."
                    },
                    "LastUpdatedBy": {
                        "type": "string",
                        "readOnly": true,
                        "title": "Last Updated By",
                        "maxLength": 64,
                        "x-queryable": false,
                        "nullable": false,
                        "description": "The user who last updated the order line record."
                    },
                    "LastUpdateLogin": {
                        "type": "string",
                        "readOnly": true,
                        "title": "Last Update Login",
                        "maxLength": 32,
                        "x-queryable": false,
                        "nullable": true,
                        "description": "The login of the user who last updated the order line record."
                    },
                    "OrderHeaderName": {
                        "type": "string",
                        "readOnly": true,
                        "title": "Order Header Name",
                        "maxLength": 275,
                        "x-queryable": false,
                        "nullable": true,
                        "description": "The name of the order associated with the order line."
                    },
                    "OrderHeaderNumber": {
                        "type": "string",
                        "readOnly": true,
                        "title": "Quote or Order Number",
                        "maxLength": 30,
                        "x-queryable": false,
                        "nullable": true,
                        "description": "The public unique identifier of the order associated with the order line."
                    },
                    "ExternalQuoteNumber": {
                        "type": "string",
                        "readOnly": true,
                        "title": "Quote ID",
                        "maxLength": 30,
                        "x-queryable": false,
                        "nullable": true,
                        "description": "The identifier of the source system that created the Quote."
                    },
                    "ExtReferenceNumber": {
                        "type": "string",
                        "readOnly": true,
                        "title": "Reference Number",
                        "maxLength": 64,
                        "x-queryable": false,
                        "nullable": true,
                        "description": "The identifier for the External Quote or Order."
                    },
                    "SoldCustPartyId": {
                        "type": "integer",
                        "format": "int64",
                        "readOnly": true,
                        "title": "Customer ID",
                        "x-queryable": false,
                        "nullable": true,
                        "x-hints": {
                            "precision": 18
                        },
                        "description": "The unique identifier of the account of the Order associated with the order line."
                    },
                    "SoldContactPartyId": {
                        "type": "integer",
                        "format": "int64",
                        "readOnly": true,
                        "title": "Contact ID",
                        "x-queryable": false,
                        "nullable": true,
                        "x-hints": {
                            "precision": 18
                        },
                        "description": "The unique identifier of the contact of the Order associated with the order line."
                    },
                    "SoldPartySiteId": {
                        "type": "integer",
                        "format": "int64",
                        "readOnly": true,
                        "title": "Customer ID",
                        "x-queryable": false,
                        "nullable": true,
                        "x-hints": {
                            "precision": 18
                        },
                        "description": "The unique identifier of the customer address of the Order associated with the order line."
                    },
                    "SalesAccountId": {
                        "type": "integer",
                        "format": "int64",
                        "readOnly": true,
                        "title": "Account ID",
                        "x-queryable": false,
                        "nullable": true,
                        "x-hints": {
                            "precision": 18
                        },
                        "description": "The unique identifier of the Sales Account of the Order associated with the order line."
                    },
                    "Description": {
                        "type": "string",
                        "readOnly": true,
                        "title": "Product Name",
                        "maxLength": 240,
                        "x-queryable": false,
                        "nullable": false,
                        "description": "The name of the product associated with order line."
                    },
                    "UpdateFlag": {
                        "type": "boolean",
                        "readOnly": true,
                        "x-queryable": false,
                        "nullable": true,
                        "description": "Indicates whether the user has access to update the record."
                    },
                    "DeleteFlag": {
                        "type": "boolean",
                        "readOnly": true,
                        "x-queryable": false,
                        "nullable": true,
                        "description": "Indicates whether the user has access to delete the record."
                    }
                },
                "type": "object"
            },
            "oracle_apps_crmCommon_orders_salesOrdersService_view_SalesOrderLineVO-createOnlyFields": {
                "properties": {
                    "OrderLineId": {
                        "type": "integer",
                        "format": "int64",
                        "title": "Order Line ID",
                        "nullable": false,
                        "x-hints": {
                            "precision": 18
                        },
                        "description": "The unique identifier for the Sales Order Line."
                    },
                    "OrderLineNumber": {
                        "type": "string",
                        "title": "Order Line Number",
                        "maxLength": 30,
                        "nullable": false,
                        "description": "The sales order line number."
                    }
                },
                "type": "object"
            },
            "oracle_apps_crmCommon_orders_salesOrdersService_view_SalesOrderLineVO-updatableFields": {
                "properties": {
                    "OrderHeaderId": {
                        "type": "integer",
                        "format": "int64",
                        "title": "Order Header ID",
                        "nullable": false,
                        "x-hints": {
                            "precision": 18
                        },
                        "description": "The unique identifier for Sales order record."
                    },
                    "ExternalOrderLineId": {
                        "type": "string",
                        "title": "External Order Line ID",
                        "maxLength": 64,
                        "nullable": true,
                        "description": "The unique identifier of the external order line."
                    },
                    "ExternalOrderLineNumber": {
                        "type": "string",
                        "title": "External Line Number",
                        "maxLength": 64,
                        "nullable": true,
                        "description": "The alternate identifier of the source system which created the record."
                    },
                    "RevnId": {
                        "type": "integer",
                        "format": "int64",
                        "title": "Revenue ID",
                        "x-queryable": false,
                        "nullable": true,
                        "x-hints": {
                            "precision": 18
                        },
                        "description": "The unique identifier for Revenue associated with the order line."
                    },
                    "InventoryOrgId": {
                        "type": "integer",
                        "format": "int64",
                        "title": "Inventory Organization ID",
                        "nullable": true,
                        "x-hints": {
                            "precision": 18
                        },
                        "description": "The unique identifier of the inventory organization."
                    },
                    "InventoryItemId": {
                        "type": "integer",
                        "format": "int64",
                        "title": "Inventory Item ID",
                        "nullable": true,
                        "x-hints": {
                            "precision": 18
                        },
                        "description": "The unique identifier of the inventory item."
                    },
                    "LineStatusCode": {
                        "type": "string",
                        "title": "Line Status",
                        "maxLength": 30,
                        "nullable": true,
                        "description": "The status of the sales order line record."
                    },
                    "ItemTypeCode": {
                        "type": "string",
                        "title": "Item Type",
                        "maxLength": 30,
                        "x-queryable": false,
                        "nullable": true,
                        "description": "The type of sales order line item."
                    },
                    "Quantity": {
                        "type": "number",
                        "title": "Quantity",
                        "x-queryable": false,
                        "nullable": true,
                        "description": "The quantity associated with the sales order line item."
                    },
                    "UOMCode": {
                        "type": "string",
                        "title": "UOM",
                        "maxLength": 3,
                        "x-queryable": false,
                        "nullable": true,
                        "description": "The unit of measure used to sell the product."
                    },
                    "PriceTypeCode": {
                        "type": "string",
                        "title": "Line Price Type",
                        "maxLength": 30,
                        "x-queryable": false,
                        "nullable": true,
                        "description": "The type of pricing associated with the sales order line item."
                    },
                    "PricePeriodCode": {
                        "type": "string",
                        "title": "Line Price Period",
                        "maxLength": 30,
                        "x-queryable": false,
                        "nullable": true,
                        "description": "The period for which the price associated with the sales order line item is specified."
                    },
                    "CurrencyCode": {
                        "type": "string",
                        "title": "Line Currency",
                        "maxLength": 15,
                        "x-queryable": false,
                        "nullable": true,
                        "description": "The currency code associated with the sales order line."
                    },
                    "Price": {
                        "type": "number",
                        "title": "Price",
                        "x-queryable": false,
                        "nullable": true,
                        "description": "The price of the sales order line item per UOM."
                    },
                    "Amount": {
                        "type": "number",
                        "title": "Line Amount",
                        "x-queryable": false,
                        "nullable": true,
                        "description": "The revenue amount associated with the sales order line item."
                    },
                    "Subtotal": {
                        "type": "number",
                        "title": "Line Subtotal",
                        "x-queryable": false,
                        "nullable": true,
                        "description": "The amount associated with a sales order line item depending on the price type."
                    },
                    "ContractValue": {
                        "type": "number",
                        "title": "Line Contract Value",
                        "x-queryable": false,
                        "nullable": true,
                        "description": "The total amount associated with a sales order line item."
                    },
                    "DiscountPercentage": {
                        "type": "number",
                        "title": "Line Discount",
                        "x-queryable": false,
                        "nullable": true,
                        "description": "The discount applied to the specific sales order line in percentage."
                    },
                    "ContractPeriods": {
                        "type": "integer",
                        "format": "int64",
                        "title": "Line Contract Periods",
                        "x-queryable": false,
                        "nullable": true,
                        "x-hints": {
                            "precision": 18
                        },
                        "description": "The number of contract periods associated with the sales order line."
                    },
                    "ContractStartDate": {
                        "type": "string",
                        "format": "date-time",
                        "title": "Line Contract Start Date",
                        "x-queryable": false,
                        "nullable": true,
                        "description": "The start date of the contract associated with the sales order line on the sales order."
                    },
                    "ContractEndDate": {
                        "type": "string",
                        "format": "date-time",
                        "title": "Line Contract End Date",
                        "x-queryable": false,
                        "nullable": true,
                        "description": "The end date of the contract associated with the sales order line on the sales order."
                    },
                    "RequestDate": {
                        "type": "string",
                        "format": "date-time",
                        "title": "Line Request Date",
                        "x-queryable": false,
                        "nullable": true,
                        "description": "The requested date for the product on the sales order line."
                    },
                    "WinLossStatusCode": {
                        "type": "string",
                        "title": "Line Win Loss Status",
                        "maxLength": 30,
                        "nullable": true,
                        "description": "Indicates the current win or loss status of an order line."
                    },
                    "OrderDate": {
                        "type": "string",
                        "format": "date-time",
                        "title": "Line Order Date",
                        "x-queryable": false,
                        "nullable": true,
                        "description": "The date on which the order line was ordered."
                    },
                    "OrderNumber": {
                        "type": "string",
                        "title": "Order Number",
                        "maxLength": 64,
                        "nullable": true,
                        "description": "The reference number for a fulfillment order."
                    }
                },
                "type": "object"
            },
            "salesOrders-item-post-request": {
                "allOf": [
                    {
                        "$ref": "#/components/schemas/oracle_apps_crmCommon_orders_salesOrdersService_view_SalesOrderHeaderVO-post-item"
                    },
                    {
                        "properties": {
                            "SalesOrderActiveVersionVA": {
                                "type": "array",
                                "items": {
                                    "$ref": "#/components/schemas/salesOrders-SalesOrderActiveVersionVA-item-post-request"
                                }
                            },
                            "SalesOrderLine": {
                                "type": "array",
                                "items": {
                                    "$ref": "#/components/schemas/salesOrders-SalesOrderLine-item-post-request"
                                }
                            }
                        },
                        "type": "object"
                    }
                ]
            },
            "oracle_apps_crmCommon_orders_salesOrdersService_view_SalesOrderHeaderVO-post-item": {
                "title": "Sales Orders",
                "allOf": [
                    {
                        "$ref": "#/components/schemas/oracle_apps_crmCommon_orders_salesOrdersService_view_SalesOrderHeaderVO-createOnlyFields"
                    },
                    {
                        "$ref": "#/components/schemas/oracle_apps_crmCommon_orders_salesOrdersService_view_SalesOrderHeaderVO-updatableFields"
                    }
                ]
            },
            "salesOrders-SalesOrderActiveVersionVA-item-post-request": {
                "$ref": "#/components/schemas/oracle_apps_crmCommon_orders_salesOrdersService_view_SalesOrderActiveVersionVO-post-item"
            },
            "oracle_apps_crmCommon_orders_salesOrdersService_view_SalesOrderActiveVersionVO-post-item": {},
            "salesOrders-SalesOrderLine-item-post-request": {
                "$ref": "#/components/schemas/oracle_apps_crmCommon_orders_salesOrdersService_view_SalesOrderLineVO-post-item"
            },
            "oracle_apps_crmCommon_orders_salesOrdersService_view_SalesOrderLineVO-post-item": {
                "title": "Quote and Order Line",
                "x-hints": {
                    "titlePlural": "Quote and Order Lines"
                },
                "allOf": [
                    {
                        "$ref": "#/components/schemas/oracle_apps_crmCommon_orders_salesOrdersService_view_SalesOrderLineVO-createOnlyFields"
                    },
                    {
                        "$ref": "#/components/schemas/oracle_apps_crmCommon_orders_salesOrdersService_view_SalesOrderLineVO-updatableFields"
                    }
                ]
            }
        },
        "responses": {
            "salesOrders-collection-response": {
                "description": "The following table describes the default response for this task.",
                "content": {
                    "application/json": {
                        "schema": {
                            "$ref": "#/components/schemas/salesOrders"
                        }
                    }
                },
                "headers": {
                    "REST-Framework-Version": {
                        "$ref": "#/components/headers/REST-Framework-Version"
                    },
                    "Metadata-Context": {
                        "$ref": "#/components/headers/Metadata-Context"
                    }
                },
                "links": {
                    "self": {
                        "operationRef": "#/paths/~1salesOrders/get"
                    }
                }
            },
            "salesOrders-item-response": {
                "description": "The following table describes the default response for this task.",
                "content": {
                    "application/json": {
                        "schema": {
                            "$ref": "#/components/schemas/salesOrders-item-response"
                        }
                    }
                },
                "headers": {
                    "REST-Framework-Version": {
                        "$ref": "#/components/headers/REST-Framework-Version"
                    },
                    "Metadata-Context": {
                        "$ref": "#/components/headers/Metadata-Context"
                    }
                },
                "links": {
                    "YesNoLookupPVO": {
                        "operationRef": "/crmRestApi/resources/11.12.0.0/fndStaticLookups/describe#/paths/~1fndStaticLookups/get",
                        "x-lov": {
                            "definedOn": "$request.body#/ActiveVersionFlag",
                            "valueField": "LookupCode",
                            "displayFields": [
                                "Meaning"
                            ]
                        },
                        "parameters": {
                            "finder": "LookupTypeFinder%3BBindLookupType%3DYES_NO"
                        }
                    },
                    "StatusLookupPVO": {
                        "operationRef": "/crmRestApi/resources/11.12.0.0/fndStaticLookups/describe#/paths/~1fndStaticLookups/get",
                        "x-lov": {
                            "definedOn": "$request.body#/Status",
                            "valueField": "LookupCode",
                            "displayFields": [
                                "Meaning"
                            ]
                        },
                        "parameters": {
                            "finder": "LookupTypeIsEnabledFinder%3BBindLookupType%3DORA_ZCA_SO_STATUS"
                        }
                    },
                    "WinStatusLOV": {
                        "operationRef": "/crmRestApi/resources/11.12.0.0/fndStaticLookups/describe#/paths/~1fndStaticLookups/get",
                        "x-lov": {
                            "definedOn": "$request.body#/WinStatusCode",
                            "valueField": "LookupCode",
                            "displayFields": [
                                "Meaning"
                            ]
                        },
                        "parameters": {
                            "finder": "LookupTypeFinder%3BBindLookupType%3DORA_ZCA_WIN_STATUS"
                        }
                    },
                    "SalesOrderActiveVersionVA": {
                        "operationRef": "#/paths/~1salesOrders~1{salesOrders_Id}~1child~1SalesOrderActiveVersionVA/get",
                        "parameters": {
                            "salesOrders_Id": "$request.path.salesOrders_Id"
                        }
                    },
                    "SalesOrderLine": {
                        "operationRef": "#/paths/~1salesOrders~1{salesOrders_Id}~1child~1SalesOrderLine/get",
                        "parameters": {
                            "salesOrders_Id": "$request.path.salesOrders_Id"
                        }
                    },
                    "self": {
                        "operationRef": "#/paths/~1salesOrders~1{salesOrders_Id}/get",
                        "parameters": {
                            "salesOrders_Id": "$request.path.salesOrders_Id"
                        }
                    },
                    "canonical": {
                        "operationRef": "#/paths/~1salesOrders~1{salesOrders_Id}/get",
                        "parameters": {
                            "salesOrders_Id": "$request.path.salesOrders_Id"
                        }
                    }
                }
            }
        },
        "parameters": {
            "expand": {
                "name": "expand",
                "description": "When this parameter is provided, the specified children are included in the resource payload (instead of just a link). The value of this query parameter is \"all\" or \"\". More than one child can be specified using comma as a separator. Example: ?expand=Employees,Localizations. Nested children can also be provided following the format \"Child.NestedChild\" (Example: ?expand=Employees.Managers). If a nested child is provided (Example: Employees.Managers), the missing children will be processed implicitly. For example, \"?expand=Employees.Managers\" is the same as \"?expand=Employees,Employees.Managers\" (which will expand Employees and Managers).",
                "in": "query",
                "schema": {
                    "type": "string"
                }
            },
            "fields": {
                "name": "fields",
                "description": "This parameter filters the resource fields. Only the specified fields are returned, which means that if no fields are specified, no fields are returned (useful to get only the links). If an indirect child resource is provided (Example: Employees.Managers), the missing children will be processed implicitly. For example, \"?fields=Employees.Managers:Empname\" is the same as \"?fields=;Employees:;Employees.Managers:Empname\" (which will only return the \"Empname\" field for Managers). the value of this query parameter is a list of resource fields. The attribute can be a direct (Example: Employees) or indirect (Example: Employees.Managers) child. It cannot be combined with expand query parameter. If both are provided, only fields will be considered.<br><br>Format: ?fields=Attribute1,Attribute2<br><br>Format for fields in child resource: ?fields=Accessor1:Attribute1,Attribute2",
                "in": "query",
                "schema": {
                    "type": "string"
                }
            },
            "onlyData": {
                "name": "onlyData",
                "description": "The resource item payload will be filtered in order to contain only data (no links section, for example).",
                "in": "query",
                "schema": {
                    "type": "boolean"
                }
            },
            "links": {
                "name": "links",
                "description": "This parameter can be used to show only certain links while accessing a singular resource or a resource collection. The parameter value format is a comma-separated list of : &lt;link_relation&gt;<br><br>Example:<br>self,canonical<br>",
                "in": "query",
                "schema": {
                    "type": "string"
                }
            },
            "limit": {
                "name": "limit",
                "description": "This parameter restricts the number of resources returned inside the resource collection. If the limit exceeds the resource count then the framework will only return the available resources.",
                "in": "query",
                "schema": {
                    "type": "integer"
                }
            },
            "offset": {
                "name": "offset",
                "description": "Used to define the starting position of the resource collection. If offset exceeds the resource count then no resources are returned. Default value is 0.",
                "in": "query",
                "schema": {
                    "type": "integer"
                }
            },
            "totalResults": {
                "name": "totalResults",
                "description": "The resource collection representation will include the \"estimated row count\" when \"?totalResults=true\", otherwise the count is not included.  The default value is \"false\".",
                "in": "query",
                "schema": {
                    "type": "boolean"
                }
            },
            "q": {
                "name": "q",
                "description": "This query parameter defines the where clause. The resource collection will be queried using the provided expressions. The value of this query parameter is one or more expressions. Example: ?q=Deptno&gt;=10 and &lt;= 30;Loc!=NY <br><br>Format: ?q=expression1;expression2",
                "in": "query",
                "schema": {
                    "type": "string"
                }
            },
            "orderBy": {
                "name": "orderBy",
                "description": "This parameter orders a resource collection based on the specified fields.  The parameter value is a comma-separated string of attribute names, each optionally followed by a colon and \"asc\" or \"desc\".  Specify \"asc\" for ascending and \"desc\" for descending. The default value is \"asc\".  For example, ?orderBy=field1:asc,field2:desc",
                "in": "query",
                "schema": {
                    "type": "string"
                }
            },
            "salesOrders-finder": {
                "name": "finder",
                "in": "query",
                "schema": {
                    "type": "string"
                },
                "x-adf-finder-formats": [
                    {
                        "name": "AltKey",
                        "properties": {
                            "ExternalReferenceNumber": {
                                "type": "string",
                                "title": "Reference Number",
                                "maxLength": 64,
                                "x-queryable": false,
                                "nullable": true
                            },
                            "ExternalSystemReferenceCode": {
                                "type": "string",
                                "title": "Reference Code",
                                "maxLength": 30,
                                "x-queryable": false,
                                "nullable": true
                            }
                        }
                    },
                    {
                        "name": "CustQuotesRowFinder",
                        "title": "CustQuotesVC",
                        "properties": {
                            "SoldCustomerPartyId": {
                                "type": "integer",
                                "x-queryable": false,
                                "x-hints": {
                                    "required": "Optional"
                                }
                            }
                        }
                    },
                    {
                        "name": "OptyQuotesRowFinder",
                        "title": "OptyQuotesVC",
                        "properties": {
                            "OptyId": {
                                "type": "integer",
                                "x-queryable": false,
                                "x-hints": {
                                    "required": "Optional"
                                }
                            }
                        }
                    },
                    {
                        "name": "PrimaryKey",
                        "properties": {
                            "OrderHeaderId": {
                                "type": "integer",
                                "format": "int64",
                                "title": "ID",
                                "nullable": false,
                                "x-hints": {
                                    "precision": 18
                                }
                            }
                        }
                    },
                    {
                        "name": "SalesOrderAltKey",
                        "properties": {
                            "OrderHeaderNumber": {
                                "type": "string",
                                "title": "Quote or Order Number",
                                "maxLength": 30,
                                "nullable": true
                            }
                        }
                    },
                    {
                        "name": "SalesOrderNumberAltKeyFinder",
                        "title": "OrderHeaderNumberAltKeyVC",
                        "properties": {
                            "OrderHeaderNumber": {
                                "type": "string",
                                "x-queryable": false,
                                "x-hints": {
                                    "required": "Optional"
                                }
                            }
                        }
                    }
                ],
                "description": "Used as a predefined finder to search the collection.<br><br>Format: ?finder=&lt;finderName&gt;;&lt;variableName&gt;=&lt;variableValue&gt;,&lt;variableName2&gt;=&lt;variableValue2&gt;<br><br>The following are the available finder names and corresponding finder variables:<br><br><ul><li>AltKey  <br>Finder Variables: <ul><li>ExternalReferenceNumber  </li><li>ExternalSystemReferenceCode  </li></ul></li><li>CustQuotesRowFinder  <br>Finder Variables: <ul><li>SoldCustomerPartyId  </li></ul></li><li>OptyQuotesRowFinder  <br>Finder Variables: <ul><li>OptyId  </li></ul></li><li>PrimaryKey  <br>Finder Variables: <ul><li>OrderHeaderId  </li></ul></li><li>SalesOrderAltKey  <br>Finder Variables: <ul><li>OrderHeaderNumber  </li></ul></li><li>SalesOrderNumberAltKeyFinder  <br>Finder Variables: <ul><li>OrderHeaderNumber  </li></ul></li></ul>"
            },
            "REST-Framework-Version": {
                "name": "REST-Framework-Version",
                "description": "The protocol version between a REST client and service. If the client does not specify this header in the request the server will pick a default version for the API.",
                "in": "header",
                "schema": {
                    "type": "string",
                    "enum": [
                        "1",
                        "2",
                        "3",
                        "4",
                        "5",
                        "6",
                        "7",
                        "8"
                    ]
                }
            },
            "Metadata-Context": {
                "name": "Metadata-Context",
                "description": "If the REST API supports runtime customizations, the shape of the service may change during runtime. The REST client may isolate itself from these changes or choose to interact with the latest version of the API by specifying this header. For example: Metadata-Context:sandbox=\"TrackEmployeeFeature\".",
                "in": "header",
                "schema": {
                    "type": "string"
                }
            },
            "Upsert-Mode": {
                "name": "Upsert-Mode",
                "description": "When set to true, the server will perform an Upsert operation instead of a Create. In an Upsert operation the server attempts to find an existing resource that matches the payload. If found, the server updates the existing resource instead of creating a new one. If not found, or when set to false (the default), a Create is performed.",
                "in": "header",
                "schema": {
                    "type": "string",
                    "enum": [
                        "true",
                        "false"
                    ]
                }
            }
        },
        "requestBodies": {
            "salesOrders-item-post-request": {
                "description": "The following table describes the body parameters in the request for this task.",
                "content": {
                    "application/json": {
                        "schema": {
                            "$ref": "#/components/schemas/salesOrders-item-post-request"
                        }
                    }
                }
            }
        },
        "headers": {
            "REST-Framework-Version": {
                "description": "The protocol version between a REST client and service. If the client does not specify this header in the request the server will pick a default version for the API.",
                "schema": {
                    "type": "string",
                    "enum": [
                        "1",
                        "2",
                        "3",
                        "4",
                        "5",
                        "6",
                        "7",
                        "8"
                    ]
                }
            },
            "Metadata-Context": {
                "description": "If the REST API supports runtime customizations, the shape of the service may change during runtime. The REST client may isolate itself from these changes or choose to interact with the latest version of the API by specifying this header. For example: Metadata-Context:sandbox=\"TrackEmployeeFeature\".",
                "schema": {
                    "type": "string"
                }
            }
        }
    }
}