{
  "pageModelVersion": "2010.0.0",
  "title": "",
  "description": "",
  "variables": {
    "addressListSDP": {
      "type": "vb/ServiceDataProvider",
      "defaultValue": {
        "endpoint": "businessObjects/getall_Address",
        "keyAttributes": "id",
        "itemsPath": "items",
        "responseType": "page:getallAddressResponse",
        "filterCriterion": {
          "op": "$eq",
          "attribute": "employeeId",
          "value": "-1"
        }
      }
    },
    "EmployeeADP": {
      "type": "vb/ArrayDataProvider2",
      "defaultValue": {
        "itemType": "get_Employee",
        "keyAttributes": [
          "id"
        ]
      }
    },
    "fullName": {
      "type": "string",
      "defaultValue": "''"
    }
  },
  "metadata": {},
  "types": {
    "@decorators.get_Employee": {
      "endpoint": "get_Employee",
      "service": "businessObjects",
      "path": "response"
    },
    "@decorators.getallAddressResponse": {
      "endpoint": "getall_Address",
      "service": "businessObjects",
      "path": "response"
    },
    "get_Employee": {
      "age": "number",
      "contactNumber": "string",
      "emailAddress": "string",
      "firstName": "string",
      "fullName": "string",
      "id": "number",
      "lastName": "string",
      "qualification": "string"
    },
    "getallAddressResponse": {
      "items": [
        {
          "address1": "string",
          "address2": "string",
          "city": "string",
          "country": "string",
          "id": "number",
          "state": "string",
          "zipCode": "number"
        }
      ]
    }
  },
  "chains": {
    "loadEmployeeData": {
      "root": "callRestEndpointEmployee",
      "description": "",
      "variables": {},
      "actions": {
        "fireNotification1": {
          "module": "vb/action/builtin/fireNotificationEventAction",
          "parameters": {
            "target": "leaf",
            "summary": "[[ $chain.results.callRestEndpointEmployee.message.summary ]]",
            "type": "error",
            "displayMode": "persist"
          }
        },
        "callRestEndpointEmployee": {
          "module": "vb/action/builtin/restAction",
          "parameters": {
            "endpoint": "businessObjects/getall_Employee"
          },
          "outcomes": {
            "failure": "fireNotification1",
            "success": "assignVariablesEmployeeData"
          }
        },
        "assignVariablesEmployeeData": {
          "module": "vb/action/builtin/assignVariablesAction",
          "parameters": {
            "$page.variables.EmployeeADP": {
              "source": {
                "data": "{{ $chain.results.callRestEndpointEmployee.body.items }}"
              },
              "reset": "none",
              "auto": "always"
            }
          }
        }
      }
    },
    "TableFirstSelectedRowChangeChain": {
      "description": "",
      "root": "assignVariables1",
      "actions": {
        "assignVariables1": {
          "module": "vb/action/builtin/assignVariablesAction",
          "parameters": {
            "$page.variables.addressListSDP": {
              "source": {
                "filterCriterion": {
                  "op": "$eq",
                  "attribute": "employeeId",
                  "value": "{{ $variables.rowKey }}"
                }
              },
              "reset": "none",
              "auto": "always"
            },
            "$page.variables.fullName": {
              "source": "{{ $variables.rowData.fullName }}"
            }
          }
        }
      },
      "variables": {
        "rowKey": {
          "required": true,
          "type": "any",
          "input": "fromCaller"
        },
        "rowData": {
          "required": true,
          "type": "any",
          "input": "fromCaller"
        }
      }
    }
  },
  "eventListeners": {
    "ojTableFirstSelectedRow": {
      "chains": [
        {
          "chainId": "TableFirstSelectedRowChangeChain",
          "parameters": {
            "rowKey": "{{$event.detail.value.key}}",
            "rowData": "{{$event.detail.value.data}}"
          }
        }
      ]
    },
    "vbEnter": {
      "chains": [
        {
          "chainId": "loadEmployeeData",
          "parameters": {}
        }
      ]
    }
  },
  "imports": {
    "components": {
      "oj-table": {
        "path": "ojs/ojtable"
      }
    }
  }
}