{
  "pageModelVersion": "2010.0.0",
  "title": "",
  "description": "",
  "variables": {
    "selectSingleADP": {
      "type": "vb/ArrayDataProvider2",
      "defaultValue" : {
        "keyAttributes": "value",
        "data": [
          {
            "value": "val1",
            "label": "Value1"
          },
          {
            "value": "val2",
            "label": "Value2"
          },
          {
            "value": "val3",
            "label": "Value3"
          }
        ]
      }
    }
  },
  "metadata": {},
  "types": {},
  "chains": {
    "ButtonActionChain": {
      "description": "",
      "root": "callRestEndpoint1",
      "actions": {
        "callRestEndpoint1": {
          "module": "vb/action/builtin/restAction",
          "parameters": {
            "endpoint": "businessObjects/create_Appointment",
            "body": "{{ $flow.variables.NewAppointment }}"
          },
          "outcomes": {
            "failure": "fireNotification1",
            "success": "fireNotification2"
          }
        },
        "fireNotification1": {
          "module": "vb/action/builtin/fireNotificationEventAction",
          "parameters": {
            "target": "leaf",
            "summary": "[[ $chain.results.callRestEndpoint1.message.summary ]]",
            "type": "error",
            "displayMode": "persist"
          }
        },
        "fireNotification2": {
          "module": "vb/action/builtin/fireNotificationEventAction",
          "parameters": {
            "target": "leaf",
            "summary": "[[ \"You are appointment with \"+ $flow.variables.NewAppointment.doctorName + \" has been booked\"]]",
            "type": "confirmation"
          },
          "outcomes": {
            "success": "navigateBack1"
          }
        },
        "navigateBack1": {
          "module": "vb/action/builtin/navigateBackAction"
        }
      },
      "variables": {
        "detail": {
          "required": true,
          "type": "any",
          "input": "fromCaller"
        }
      }
    }
  },
  "eventListeners": {
    "submitButtonOjAction": {
      "chains": [
        {
          "chainId": "ButtonActionChain",
          "parameters": {
            "detail": "{{ $event.detail }}"
          }
        }
      ]
    }
  },
  "imports": {
    "components": {
      "oj-ext-mobile-page-template": {
        "path": "vb/components/mobile-page-template/loader"
      },
      "oj-input-text": {
        "path": "ojs/ojinputtext"
      },
      "oj-text-area": {
        "path": "ojs/ojinputtext"
      },
      "oj-form-layout": {
        "path": "ojs/ojformlayout"
      },
      "oj-button": {
        "path": "ojs/ojbutton"
      },
      "oj-input-date-time": {
        "path": "ojs/ojdatetimepicker"
      }
    }
  }
}