{
  "title": "",
  "description": "",
  "variables": {
    "DataObjectADP": {
      "type": "vb/ArrayDataProvider2",
      "defaultValue": {
        "itemType": "DataObject",
        "keyAttributes": "emailAddress"
      }
    },
    "oj_table_686926186_1SelectedId": {
      "type": "string",
      "defaultValue": ""
    },
    "taskListPDP": {
      "type": "vb/extensions/process/ProcessDataProvider",
      "defaultValue": {
        "objectType": "task",
        "idAttribute": "id"
      }
    },
    "taskListPDPActionsOptList": {
      "type": [
        {
          "value": "string",
          "label": "string"
        }
      ]
    },
    "taskListPDPIsActionProcessing": {
      "type": "boolean",
      "defaultValue": false
    },
    "taskListPDPSelectedActionId": {
      "type": "string"
    }
  },
  "metadata": {},
  "types": {
    "DataObject": {
      "amount": "number",
      "emailAddress": "string",
      "firstName": "string",
      "lastName": "string",
      "travelEndDate": "string",
      "travelReason": "string",
      "travelStartDate": "string"
    }
  },
  "chains": {
    "oj_table_686926186_1ChangeSelectionChain": {
      "variables": {
        "taskId": {
          "type": "string",
          "input": "fromCaller",
          "defaultValue": ""
        },
        "actions": {
          "required": true,
          "type": "any",
          "input": "fromCaller"
        }
      },
      "root": "assignVariable",
      "actions": {
        "assignVariable": {
          "module": "vb/action/builtin/assignVariablesAction",
          "parameters": {
            "$page.variables.oj_table_686926186_1SelectedId": {
              "source": "[[ $chain.variables.taskId ]]"
            }
          },
          "outcomes": {
            "success": "assignTaskActionsChainId"
          }
        },
        "assignTaskActionsChainId": {
          "module": "vb/action/builtin/callChainAction",
          "parameters": {
            "id": "taskListPDPLoadTaskActionsChain",
            "params": {
              "actions": "[[ $chain.variables.actions ]]"
            }
          }
        }
      }
    },
    "TableFirstSelectedRowChangeChain": {
      "description": "",
      "root": "callRestEndpointDataObject",
      "actions": {
        "fireNotification": {
          "module": "vb/action/builtin/fireNotificationEventAction",
          "parameters": {
            "target": "leaf",
            "summary": "[[ $chain.results.callRestEndpointDataObject.message.summary ]]",
            "type": "error",
            "displayMode": "persist"
          }
        },
        "callRestEndpointDataObject": {
          "module": "vb/action/builtin/restAction",
          "parameters": {
            "endpoint": "icApiProcessV1/getProcessesProcessIdDataobjects",
            "uriParams": {
              "processId": "{{ $variables.rowData.processInstance.id }}"
            }
          },
          "outcomes": {
            "failure": "fireNotification",
            "success": "callFunctionConvertToJson"
          }
        },
        "callFunctionConvertToJson": {
          "module": "vb/action/builtin/callModuleFunctionAction",
          "parameters": {
            "module": "[[ $functions ]]",
            "functionName": "convertToJson",
            "params": [
              "{{ $chain.results.callRestEndpointDataObject.body.dataVariableFlatTree[0].value }}"
            ],
            "returnType": "any[]"
          },
          "outcomes": {
            "success": "assignVariables"
          }
        },
        "assignVariables": {
          "module": "vb/action/builtin/assignVariablesAction",
          "parameters": {
            "$page.variables.DataObjectADP": {
              "source": {
                "data": "{{ $chain.results.callFunctionConvertToJson }}"
              },
              "reset": "none",
              "auto": "always",
              "mapping": {
                "$target.data": {
                  "source": "$source.data",
                  "reset": "empty"
                }
              }
            }
          }
        }
      },
      "variables": {
        "rowKey": {
          "required": true,
          "type": "any",
          "input": "fromCaller"
        },
        "rowData": {
          "required": true,
          "type": "any",
          "input": "fromCaller"
        }
      }
    },
    "taskListPDPLoadTaskActionsChain": {
      "variables": {
        "actions": {
          "required": true,
          "type": "any",
          "input": "fromCaller"
        }
      },
      "root": "setVariables",
      "actions": {
        "setVariables": {
          "module": "vb/action/builtin/assignVariablesAction",
          "parameters": {
            "$page.variables.taskListPDPActionsOptList": {
              "source": "[[ $chain.variables.actions.map(function(a) { return {value: a.id,  label: a.label}; }) ]]"
            }
          }
        }
      }
    },
    "taskListPDPPerformActionChain": {
      "variables": {
        "selectOneId": {
          "type": "string",
          "input": "fromCaller"
        }
      },
      "root": "setProcessingFlag",
      "actions": {
        "setProcessingFlag": {
          "module": "vb/action/builtin/assignVariablesAction",
          "parameters": {
            "$page.variables.taskListPDPIsActionProcessing": {
              "source": "{{ true }}"
            }
          },
          "outcomes": {
            "success": "performAction"
          }
        },
        "performAction": {
          "module": "vb/extensions/process/action/builtin/performTaskAction",
          "parameters": {
            "taskId": "[[ $page.variables.oj_table_686926186_1SelectedId ]]",
            "taskAction": "[[ {id: $page.variables.taskListPDPSelectedActionId} ]]"
          },
          "outcomes": {
            "success": "refreshTaskListDataProvider",
            "failure": "showFailure"
          }
        },
        "refreshTaskListDataProvider": {
          "module": "vb/action/builtin/fireDataProviderEventAction",
          "parameters": {
            "refresh": null,
            "target": "[[$page.variables.taskListPDP]]"
          },
          "outcomes": {
            "success": "showSuccess"
          }
        },
        "showSuccess": {
          "module": "vb/action/builtin/fireNotificationEventAction",
          "parameters": {
            "summary": "Action finished",
            "message": "{{ 'Action: [' + $page.variables.taskListPDPSelectedActionId + '] successful!' }}",
            "type": "confirmation",
            "displayMode": "transient"
          },
          "outcomes": {
            "success": "deselectAction"
          }
        },
        "deselectAction": {
          "module": "vb/action/builtin/callComponentMethodAction",
          "parameters": {
            "component": "{{ $page.components.byId($chain.variables.selectOneId) }}",
            "method": "setProperty",
            "params": [
              "value",
              ""
            ]
          },
          "outcomes": {
            "success": "resetVariables"
          }
        },
        "resetVariables": {
          "module": "vb/action/builtin/assignVariablesAction",
          "parameters": {
            "$page.variables.taskListPDPSelectedActionId": {
              "source": "{{ null }}"
            },
            "$page.variables.oj_table_686926186_1SelectedId": {
              "source": "{{ '' }}"
            },
            "$page.variables.taskListPDPActionsOptList": {
              "source": "{{ [] }}"
            },
            "$page.variables.taskListPDPIsActionProcessing": {
              "source": "{{ false }}"
            }
          }
        },
        "showFailure": {
          "module": "vb/action/builtin/fireNotificationEventAction",
          "parameters": {
            "summary": "Action failed",
            "message": "[[ $chain.results.performAction.info.status + ': ' + JSON.stringify($chain.results.performAction.content) ]]",
            "type": "error",
            "autoclose": false
          },
          "outcomes": {
            "success": "deselectAction"
          }
        }
      }
    }
  },
  "eventListeners": {
    "taskListPDPButtonClickListener": {
      "chains": [
        {
          "chainId": "taskListPDPPerformActionChain",
          "parameters": {
            "selectOneId": "taskListPDPoj-select-one"
          }
        }
      ]
    },
    "_Selection": {
      "chains": [
        {
          "chainId": "oj_table_686926186_1ChangeSelectionChain",
          "parameters": {
            "taskId": "[[ $event.detail.value.key || '' ]]",
            "actions": "{{ $event.detail.value.data.actions.filter(function(a) { return a.type !== 'System'; }) }}"
          }
        },
        {
          "chainId": "TableFirstSelectedRowChangeChain",
          "parameters": {
            "rowKey": "{{$event.detail.value.key}}",
            "rowData": "{{$event.detail.value.data}}"
          }
        }
      ]
    }
  },
  "imports": {
    "components": {
      "oj-button": {
        "path": "ojs/ojbutton"
      },
      "oj-select-one": {
        "path": "ojs/ojselectcombobox"
      },
      "oj-table": {
        "path": "ojs/ojtable"
      },
      "oj-toolbar": {
        "path": "ojs/ojtoolbar"
      }
    }
  }
}