{
    "fields": [
        {
            "displayLabel": "Id",
            "internal": true,
            "key": true,
            "name": "id",
            "oid": "fa463a18-89ce-4e11-9462-1d9bde308200",
            "required": true,
            "type": "number",
            "unique": true
        },
        {
            "displayLabel": "Created",
            "internal": true,
            "name": "creationDate",
            "oid": "92994a47-10db-4c06-ae5f-2113f7d3c490",
            "type": "datetime"
        },
        {
            "displayLabel": "Last Updated",
            "internal": true,
            "name": "lastUpdateDate",
            "oid": "49f78465-9635-42d2-ad05-1ce48e766587",
            "type": "datetime"
        },
        {
            "displayLabel": "Created By",
            "internal": true,
            "name": "createdBy",
            "oid": "882a07d0-dc34-414d-ae1a-25c0f3a3c78a",
            "type": "string"
        },
        {
            "displayLabel": "Last Updated By",
            "internal": true,
            "name": "lastUpdatedBy",
            "oid": "5a17819f-4293-4325-8101-4f7ea7461abf",
            "type": "string"
        },
        {
            "displayLabel": "<internal>",
            "hidden": true,
            "internal": true,
            "name": "abcsChangeNumber",
            "oid": "2663ff2b-a3ce-4f28-84c9-8fe8c6681365",
            "type": "number"
        },
        {
            "name": "stageName",
            "oid": "76a53fe5-5755-4718-a323-e04fd46540bd",
            "displayLabel": "Stage Name",
            "type": "string"
        }
    ],
    "name": "Stage",
    "oid": "f6b8fdba-d61a-416f-ac2e-67833e4b3873",
    "displayLabel": "Stage"
}