id,creationDate,lastUpdateDate,createdBy,lastUpdatedBy,name,quantity,employeeId,description
1,2021-02-24T16:08:33,2021-02-24T16:08:33,ankur.jain1@techsupper.com,ankur.jain1@techsupper.com,Laptop,1.0,6,One Dell Laptop
2,2021-02-24T16:08:33,2021-02-24T16:08:33,ankur.jain1@techsupper.com,ankur.jain1@techsupper.com,Mouse,2.0,6,One wired and one wireless
3,2021-02-24T16:08:33,2021-02-24T16:08:33,ankur.jain1@techsupper.com,ankur.jain1@techsupper.com,Keyboard,1.0,7,Wired Keyboard
4,2021-02-24T16:08:33,2021-02-24T16:08:33,ankur.jain1@techsupper.com,ankur.jain1@techsupper.com,Headphone,1.0,8,One dell headset issued
