{
  "title": "Edit Customer",
  "description": "Updates single accounts record",
  "variables": {
    "accounts": {
      "type": "page:getAccountsResponse"
    },
    "accountsETag": {
      "type": "string"
    },
    "accountsId": {
      "type": "string",
      "required": true,
      "input": "fromUrl"
    },
    "saveAccountsChainInProgress": {
      "type": "boolean",
      "defaultValue": false
    }
  },
  "metadata": {},
  "types": {
    "@decorators.getAccountsResponse": {
      "endpoint": "get_accounts",
      "service": "crmRestApi",
      "path": "response"
    },
    "genericServiceErrorResponseType": {
      "body": "any",
      "status": "number"
    },
    "getAccountsResponse": {
      "CEOName": "string",
      "CEOTitle": "string",
      "EmailAddress": "string",
      "URL": "string"
    }
  },
  "chains": {
    "goBackChain": {
      "root": "navigateBack",
      "actions": {
        "navigateBack": {
          "module": "vb/action/builtin/navigateBackAction"
        }
      }
    },
    "loadAccountsChain": {
      "root": "loadAccounts",
      "actions": {
        "loadAccounts": {
          "module": "vb/action/builtin/restAction",
          "parameters": {
            "endpoint": "crmRestApi/get_accounts",
            "uriParams": {
              "accounts_Id": "[[ $page.variables.accountsId ]]"
            },
            "responseType": "page:getAccountsResponse"
          },
          "outcomes": {
            "success": "assignPayload",
            "failure": "fireErrorNotification"
          }
        },
        "assignPayload": {
          "module": "vb/action/builtin/assignVariablesAction",
          "parameters": {
            "$page.variables.accounts": {
              "source": "{{ $chain.results.loadAccounts.body }}"
            },
            "$page.variables.accountsETag": {
              "source": "[[ $chain.results.loadAccounts.headers.get('ETag') ]]"
            }
          }
        },
        "fireErrorNotification": {
          "module": "vb/action/builtin/fireNotificationEventAction",
          "parameters": {
            "summary": "Could not load data",
            "message": "{{ 'Could not load data: status ' + $chain.results.loadAccounts.payload.status }}",
            "type": "error",
            "displayMode": "persist"
          }
        }
      }
    },
    "saveAccountsChain": {
      "variables": {
        "saveFailureResult": {
          "type": "page:genericServiceErrorResponseType"
        },
        "errorMessage": {
          "type": "string"
        },
        "saveHeaders": {
          "type": "object"
        }
      },
      "root": "markSaveStarted",
      "actions": {
        "markSaveStarted": {
          "module": "vb/action/builtin/assignVariablesAction",
          "parameters": {
            "$page.variables.saveAccountsChainInProgress": {
              "source": true
            }
          },
          "outcomes": {
            "success": "validateAccounts"
          },
          "description": "Sets the progress variable to true",
          "label": "Mark Save in progress"
        },
        "validateAccounts": {
          "module": "vb/action/builtin/callChainAction",
          "parameters": {
            "id": "flow:validateFormChain",
            "params": {
              "validationGroupId": "validation-group"
            }
          },
          "outcomes": {
            "success": "isFormValid"
          },
          "label": "Validate",
          "description": "Validates accounts form"
        },
        "isFormValid": {
          "module": "vb/action/builtin/ifAction",
          "parameters": {
            "condition": "[[ $chain.results.validateAccounts === true ]]"
          },
          "outcomes": {
            "true": "checkETag",
            "false": "markSaveEnded"
          },
          "label": "Is Form valid",
          "description": "Tests if form passed validation"
        },
        "checkETag": {
          "module": "vb/action/builtin/ifAction",
          "parameters": {
            "condition": "[[ $page.variables.accountsETag ]]"
          },
          "outcomes": {
            "true": "assignIfMatchHeader",
            "false": "saveAccounts"
          }
        },
        "assignIfMatchHeader": {
          "module": "vb/action/builtin/assignVariablesAction",
          "parameters": {
            "$chain.variables.saveHeaders": {
              "source": "[[ { 'If-Match': $page.variables.accountsETag } ]]"
            }
          },
          "outcomes": {
            "success": "saveAccounts"
          }
        },
        "saveAccounts": {
          "module": "vb/action/builtin/restAction",
          "parameters": {
            "endpoint": "crmRestApi/update_accounts",
            "body": "{{ $page.variables.accounts }}",
            "requestType": "json",
            "uriParams": {
              "accounts_Id": "[[ $page.variables.accountsId ]]"
            },
            "headers": "[[ $chain.variables.saveHeaders ]]"
          },
          "outcomes": {
            "success": "assignPayload",
            "failure": "assignFailureResult"
          }
        },
        "assignPayload": {
          "module": "vb/action/builtin/assignVariablesAction",
          "parameters": {
            "$page.variables.accounts": {
              "source": "{{ $chain.results.saveAccounts.body }}"
            },
            "$page.variables.accountsETag": {
              "source": "[[ $chain.results.saveAccounts.headers.get('ETag') ]]"
            }
          },
          "outcomes": {
            "success": "fireSuccessNotification"
          }
        },
        "fireSuccessNotification": {
          "module": "vb/action/builtin/fireNotificationEventAction",
          "parameters": {
            "summary": "accounts saved",
            "message": "accounts record successfully updated",
            "type": "confirmation",
            "displayMode": "transient"
          },
          "outcomes": {
            "success": "callGoBackChain"
          }
        },
        "callGoBackChain": {
          "module": "vb/action/builtin/callChainAction",
          "parameters": {
            "id": "goBackChain"
          },
          "outcomes": {
            "success": "markSaveEnded"
          }
        },
        "assignFailureResult": {
          "module": "vb/action/builtin/assignVariablesAction",
          "parameters": {
            "$chain.variables.saveFailureResult": {
              "source": "[[ $chain.results.saveUpdatePet.payload ]]"
            }
          },
          "outcomes": {
            "success": "handleDefaultErrorMessage"
          }
        },
        "handleDefaultErrorMessage": {
          "module": "vb/action/builtin/assignVariablesAction",
          "outcomes": {
            "success": "fireErrorNotification"
          },
          "parameters": {
            "$chain.variables.errorMessage": {
              "source": "[[ 'Could not update accounts: status ' + $chain.results.saveAccounts.payload.status ]]"
            }
          }
        },
        "fireErrorNotification": {
          "module": "vb/action/builtin/fireNotificationEventAction",
          "parameters": {
            "summary": "Save failed",
            "message": "[[ $chain.variables.errorMessage ]]",
            "type": "error",
            "displayMode": "persist"
          },
          "outcomes": {
            "success": "markSaveEnded"
          }
        },
        "markSaveEnded": {
          "module": "vb/action/builtin/assignVariablesAction",
          "parameters": {
            "$page.variables.saveAccountsChainInProgress": {
              "source": false
            }
          },
          "description": "Sets the progress variable to false",
          "label": "Mark Save done"
        }
      }
    }
  },
  "eventListeners": {
    "backButtonClicked": {
      "chains": [
        {
          "chainId": "goBackChain"
        }
      ]
    },
    "saveButtonClicked": {
      "chains": [
        {
          "chainId": "saveAccountsChain"
        }
      ]
    },
    "vbEnter": {
      "chains": [
        {
          "chainId": "loadAccountsChain"
        }
      ]
    }
  },
  "imports": {
    "components": {
      "oj-button": {
        "path": "ojs/ojbutton"
      },
      "oj-form-layout": {
        "path": "ojs/ojformlayout"
      },
      "oj-input-text": {
        "path": "ojs/ojinputtext"
      },
      "oj-toolbar": {
        "path": "ojs/ojtoolbar"
      },
      "oj-validation-group": {
        "path": "ojs/ojvalidationgroup"
      }
    }
  }
}