{
  "id": "main",
  "description": "Flow main",
  "defaultPage": "main-external-data",
  "chains": {
    "validateFormChain": {
      "description": "Validates a form within an oj-validation-group with an ID matching the passed parameter.",
      "constants": {
        "validationGroupId": {
          "type": "string",
          "required": true,
          "input": "fromCaller",
          "description": "Validation group component id."
        },
        "validationTracker": {
          "type": "any",
          "defaultValue": "[[ document.getElementById($chain.constants.validationGroupId) ]]",
          "description": "Validation group component instance."
        }
      },
      "root": "checkValidationTrackerExists",
      "actions": {
        "checkValidationTrackerExists": {
          "module": "vb/action/builtin/ifAction",
          "parameters": {
            "condition": "[[ !!$chain.constants.validationTracker ]]"
          },
          "label": "Check Validation Tracker exists",
          "outcomes": {
            "true": "checkFormValid",
            "false": "returnFailed"
          },
          "description": "Tests if the validation group element exists."
        },
        "checkFormValid": {
          "module": "vb/action/builtin/ifAction",
          "parameters": {
            "condition": "[[ $chain.constants.validationTracker.valid === 'valid' ]]"
          },
          "label": "Check Validation Tracker valid",
          "outcomes": {
            "true": "returnPassed",
            "false": "showValidationMessages"
          },
          "description": "Tests the validation group status."
        },
        "showValidationMessages": {
          "module": "vb/action/builtin/callComponentMethodAction",
          "parameters": {
            "component": "{{ $chain.constants.validationTracker }}",
            "method": "showMessages"
          },
          "outcomes": {
            "success": "focusInvalidComponent"
          },
          "label": "Show Validation Messages",
          "description": "Displays all validation messages for the form items."
        },
        "focusInvalidComponent": {
          "module": "vb/action/builtin/callComponentMethodAction",
          "parameters": {
            "component": "{{ $chain.constants.validationTracker }}",
            "method": "focusOn",
            "params": [
              "@firstInvalidShown"
            ]
          },
          "outcomes": {
            "success": "returnFailed"
          },
          "label": "Focus Invalid Component",
          "description": "Focuses the first component failing the validation."
        },
        "returnPassed": {
          "module": "vb/action/builtin/returnAction",
          "parameters": {
            "outcome": "success",
            "payload": true
          },
          "label": "Return passed status",
          "description": "Returns the value (true) representing the passed validation."
        },
        "returnFailed": {
          "module": "vb/action/builtin/returnAction",
          "parameters": {
            "outcome": "success",
            "payload": false
          },
          "label": "Return failed status",
          "description": "Returns the value (false) representing the failed validation."
        }
      },
      "@dt": {
        "autowire": {
          "contextKey": "vb-quickstarts",
          "name": "validateFormChain"
        }
      }
    }
  },
  "services": {},
  "types": {
    "@decorators.getUsersUserid": {
      "endpoint": "getUsersUserid",
      "service": "jsonplaceholderTypicodeCom",
      "path": "response"
    },
    "getUsersUserid": {
      "address": {
        "city": "string",
        "geo": {
          "lat": "string",
          "lng": "string"
        },
        "street": "string",
        "suite": "string",
        "zipcode": "string"
      },
      "company": {
        "bs": "string",
        "catchPhrase": "string",
        "name": "string"
      },
      "email": "string",
      "id": "number",
      "name": "string",
      "phone": "string",
      "username": "string",
      "website": "string"
    }
  },
  "variables": {
    "UserInformation": {
      "type": "getUsersUserid"
    }
  }
}