id,creationDate,lastUpdateDate,createdBy,lastUpdatedBy,subject,description,amount,approved,employeeId
11,2021-02-24T16:01:52,2021-02-24T16:01:52,ankur.jain1@techsupper.com,ankur.jain1@techsupper.com,US Trip,Travel to US,99.0,,
12,2021-02-24T16:01:52,2021-02-24T16:01:52,ankur.jain1@techsupper.com,ankur.jain1@techsupper.com,UK Meeting,Travel to UK,101.0,,
13,2021-02-24T16:01:52,2021-02-24T16:01:52,ankur.jain1@techsupper.com,ankur.jain1@techsupper.com,Roadmap meeting trip,Visual Builder Roadmap meeting,499.0,,
14,2021-02-24T16:01:52,2021-02-24T16:01:52,ankur.jain1@techsupper.com,ankur.jain1@techsupper.com,OIC meetup,OIC confrence,500.0,,
15,2021-02-24T16:01:52,2021-02-24T16:01:52,ankur.jain1@techsupper.com,ankur.jain1@techsupper.com,Getting ready,Testing meeting,450.0,,
