{
  "id": "salesforceext_chapter9",
  "description": "A new VB app",
  "defaultPage": "shell",
  "chains": {
    "loadData": {
      "root": "callRestGetQuery",
      "description": "",
      "variables": {},
      "actions": {
        "fireNotification": {
          "module": "vb/action/builtin/fireNotificationEventAction",
          "parameters": {
            "target": "leaf",
            "summary": "[[ $chain.results.callRestGetQuery.message.summary ]]",
            "type": "error",
            "displayMode": "persist"
          }
        },
        "callRestGetQuery": {
          "module": "vb/action/builtin/restAction",
          "parameters": {
            "endpoint": "servicesData/getQuery",
            "uriParams": {
              "q": "{{ $application.variables.AccountQuery }}"
            }
          },
          "outcomes": {
            "failure": "fireNotification",
            "success": "assignVariables"
          }
        },
        "assignVariables": {
          "module": "vb/action/builtin/assignVariablesAction",
          "parameters": {
            "$application.variables.Accounts": {
              "source": {
                "data": "{{ $chain.results.callRestGetQuery.body.records }}"
              },
              "reset": "none",
              "auto": "always",
              "mapping": {
                "$target.data": {
                  "source": "$source.data",
                  "reset": "empty"
                }
              }
            }
          }
        }
      }
    },
    "resourceChangedHandler": {
      "root": "fireNotification1",
      "description": "Displays a notification message when application has been updated and needs to be refreshed.",
      "variables": {
        "event": {
          "required": false,
          "input": "fromCaller",
          "type": {
            "error": {
              "detail": "string"
            }
          }
        }
      },
      "actions": {
        "fireNotification1": {
          "module": "vb/action/builtin/fireNotificationEventAction",
          "parameters": {
            "summary": "[[ $chain.variables.event.error.detail ]]",
            "target": "leaf"
          }
        }
      }
    }
  },
  "services": {
    "servicesData": {
      "path": "./services/servicesData/openapi3.json"
    },
    "businessObjects": {
      "path": "vb-catalog://services/businessObjects"
    }
  },
  "translations": {
    "app": {
      "path": "./resources/strings/app/nls/app-strings"
    }
  },
  "events": {
    "navigateToItem": {
      "payloadType": {
        "item": "string"
      },
      "description": "Event to configure navigation between items/tabs."
    }
  },
  "types": {
    "Account": {
      "Id": "string",
      "Industry": "string",
      "Name": "string",
      "Type": "string"
    }
  },
  "variables": {
    "AccountQuery": {
      "type": "string",
      "defaultValue": "select Id,Name,Type,Industry from Account"
    },
    "Accounts": {
      "type": "vb/ArrayDataProvider2",
      "defaultValue": {
        "itemType": "Account",
        "keyAttributes": "Id"
      }
    },
    "OpportunityLineItemQuery": {
      "type": "string",
      "defaultValue": "select Id,Name,TotalPrice,UnitPrice,ProductCode from OpportunityLineItem where OpportunityId="
    },
    "OpportunityQuery": {
      "type": "string",
      "defaultValue": "select Id,Name,Stagename,Amount,Closedate,Probability,Iswon from opportunity"
    }
  },
  "eventListeners": {
    "vbEnter": {
      "chains": [
        {
          "chainId": "loadData",
          "parameters": {}
        }
      ]
    },
    "vbResourceChanged": {
      "chains": [
        {
          "chainId": "resourceChangedHandler",
          "parameters": {
            "event": "{{ $event }}"
          }
        }
      ]
    }
  },
  "userConfig": {
    "type": "vb/DefaultSecurityProvider",
    "configuration": {},
    "embedding": "deny"
  },
  "security": {}
}