{
    "displayLabel": "Inventory Details",
    "fields": [
        {
            "displayLabel": "Id",
            "internal": true,
            "key": true,
            "name": "id",
            "oid": "e22c7b3e-9e31-44a9-9b4c-592d0b395a67",
            "required": true,
            "type": "number",
            "unique": true
        },
        {
            "displayLabel": "Created",
            "internal": true,
            "name": "creationDate",
            "oid": "325c0993-4ae9-4795-8e68-7b918f67e495",
            "type": "datetime"
        },
        {
            "displayLabel": "Last Updated",
            "internal": true,
            "name": "lastUpdateDate",
            "oid": "00f55390-9a89-43f4-99d6-7ceec91d7e29",
            "type": "datetime"
        },
        {
            "displayLabel": "Created By",
            "internal": true,
            "name": "createdBy",
            "oid": "a02de897-4df3-49e1-a64c-a84d3614dea8",
            "type": "string"
        },
        {
            "displayLabel": "Last Updated By",
            "internal": true,
            "name": "lastUpdatedBy",
            "oid": "3c689b42-05d3-494a-885e-5ede9ddd0143",
            "type": "string"
        },
        {
            "displayLabel": "<internal>",
            "hidden": true,
            "internal": true,
            "name": "abcsChangeNumber",
            "oid": "b618d6ac-3fe1-4bfe-bd60-f58cf970cd34",
            "type": "number"
        },
        {
            "displayLabel": "Name",
            "name": "name",
            "oid": "07f33bdf-8be5-4513-b46b-2e8b999db637",
            "type": "string"
        },
        {
            "displayLabel": "Quantity",
            "name": "quantity",
            "oid": "34924935-5ac9-41f5-8d69-eb5f2fdd557e",
            "type": "number"
        },
        {
            "displayLabel": "Employee Id",
            "name": "employeeId",
            "oid": "90350ae2-cdc7-4f71-a2f5-3f7222b5433f",
            "type": "reference"
        },
        {
            "displayLabel": "Description",
            "name": "description",
            "oid": "0eb4b148-055a-4fd5-853d-91be1a979d01",
            "type": "string"
        }
    ],
    "name": "InventoryDetails",
    "oid": "d38530ef-e83f-44a8-9a84-69dfbce75bcd",
    "relationships": [
        {
            "deleteRule": "restrict",
            "exposeAccessor": true,
            "mappingField": "employeeId",
            "name": "employeeId2",
            "reverseRelationship": "inventoryDetailsCollection",
            "targetEntity": "Employee",
            "type": "outgoing"
        }
    ]
}