id,creationDate,lastUpdateDate,createdBy,lastUpdatedBy,name,quantity,employeeId,description
1,2020-12-13T10:49:34,2020-12-13T10:49:34,ankur.jain1@techsupper.com,ankur.jain1@techsupper.com,Laptop,1.0,32,One Dell Laptop
2,2020-12-13T10:49:34,2020-12-13T10:49:34,ankur.jain1@techsupper.com,ankur.jain1@techsupper.com,Mouse,2.0,32,One wired and one wireless
3,2020-12-13T10:49:34,2020-12-13T10:49:34,ankur.jain1@techsupper.com,ankur.jain1@techsupper.com,Keyboard,1.0,33,Wired Keyboard
4,2020-12-13T10:49:34,2020-12-13T10:49:34,ankur.jain1@techsupper.com,ankur.jain1@techsupper.com,Headphone,1.0,33,One dell headset issued
