{
    "fieldValidators": [
        {
            "active": "active",
            "displayName": "Age Validator",
            "errorMessage": "Age must be greater or equal to 18",
            "functionBody": "newValue>=18",
            "lastUpdate": "2020-12-11T16:42:48",
            "oid": "68077313-5390-4842-9847-19bda9d1c02a",
            "scriptMimeType": "application/x-adf-groovy",
            "onField": "age"
        }
      ],
    "objectFunctions": [
        {
            "active": "active",
            "functionBody": "def vo = newView('Employee');\nvo.appendViewCriteria(\"firstName ='\"+name+\"'\");\nvo.executeQuery();\n    def totalUsers = 0\n    while (vo.hasNext()) {\n        vo.next()\n        totalUsers = totalUsers + 1\n    }   \nreturn totalUsers;\n",
            "functionName": "TotalUsers",
            "lastUpdate": "2020-12-13T08:56:48",
            "oid": "6a3e72d8-095d-4ad6-b292-5a37b23f1238",
            "parameters": [
                {
                    "parameterName": "name",
                    "parameterType": "String"
                }
            ],
            "returnType": "Long",
            "scriptMimeType": "application/x-adf-groovy",
            "visibility": [
                "external"
            ]
        }
      ],
    "objectValidators": [],
    "triggers": [
        {
            "active": "active",
            "description": "An email notification will be sent once an employee is created",
            "displayName": "SendEmail",
            "lastUpdate": "2020-12-11T15:59:11",
            "oid": "df9ace38-3df9-4649-bee2-762e9075c8af",
            "scriptMimeType": "application/x-adf-groovy",
            "triggerEvents": [
                "BeforeInsert"
            ],
            "workflow": {
                "nodeType": "criterion",
                "type": "always",
                "displayName": "Send an email",
                "outcomes": {
                    "false": {
                        "nodeType": "terminus",
                        "type": "end",
                        "for": "trigger"
                    },
                    "true": {
                        "nodeType": "actionGroup",
                        "displayName": "Action Group",
                        "after": {
                            "nodeType": "terminus",
                            "type": "continue",
                            "for": "criteria"
                        },
                        "methodDefinition": {
                            "typeId": "emailNotification",
                            "archetypeId": "WorkflowPage__EmployeeDetailArchetype",
                            "vars": {
                                "to": "{\"expressionValue\":\"=emailAddress\",\"inputMode\":\"expression\"}",
                                "templateId": "-1",
                                "emailTemplate": "{\"subject\":\"Employee Created Successfully\",\"body\":\"<p>Hi&nbsp;[[Parameter1]],</p><p>Congratulations, you are onboarded successfully.</p><p>Regards,</p><p>Team</p>\"}",
                                "templateValues": "[{\"expressionValue\":\"=firstName\",\"referenceValue\":\"firstName\",\"inputMode\":\"reference\",\"parameter\":\"Parameter1\"}]",
                                "methodName": "onEmployeeActionGroupExecute",
                                "pageEvent": "actionGroupExecute"
                            },
                            "outcomeHandlers": {}
                        }
                    }
                }
            }
        }
      ],
    "fieldTriggers": []
}