id,creationDate,lastUpdateDate,createdBy,lastUpdatedBy,firstName,lastName,emailAddress,age,qualification,contactNumber
32,2020-12-13T10:38:34,2021-01-08T11:33:15,ankur.jain1@techsupper.com,ankur.jain1@techsupper.com,Ankur,Gupta,ankurjain.jain26@gmail.com,31.0,BBA,9999999999
33,2020-12-13T10:38:34,2020-12-13T10:38:34,ankur.jain1@techsupper.com,ankur.jain1@techsupper.com,Amit,Jain,ankur.jain@techsupper.com,18.0,BTech,9090909090
34,2020-12-13T10:38:34,2020-12-13T10:38:34,ankur.jain1@techsupper.com,ankur.jain1@techsupper.com,Andrew,Smith,ankurjain.jain26@gmail.com,34.0,BBA,9876543212
35,2020-12-13T10:38:34,2020-12-13T10:38:34,ankur.jain1@techsupper.com,ankur.jain1@techsupper.com,Ankur,Jain,ankusar@yahoo.com,21.0,MTech,1234567891
36,2020-12-13T10:38:34,2020-12-13T10:38:34,ankur.jain1@techsupper.com,ankur.jain1@techsupper.com,Gyial,Hasan,gyial@test_test.com,54.0,BBA,9897654322
