{
    "fields": [
        {
            "displayLabel": "Id",
            "internal": true,
            "key": true,
            "name": "id",
            "oid": "f9e62422-a57a-433e-91c5-18c56ff6e91f",
            "required": true,
            "type": "number",
            "unique": true
        },
        {
            "displayLabel": "Created",
            "internal": true,
            "name": "creationDate",
            "oid": "c10d7f45-6622-4d78-80a5-e0e7826dcf36",
            "type": "datetime"
        },
        {
            "displayLabel": "Last Updated",
            "internal": true,
            "name": "lastUpdateDate",
            "oid": "fa17000b-46bb-4e6d-9d5b-2a197254836b",
            "type": "datetime"
        },
        {
            "displayLabel": "Created By",
            "internal": true,
            "name": "createdBy",
            "oid": "4346ddb2-c88d-44dc-9ec7-a28923bedcb4",
            "type": "string"
        },
        {
            "displayLabel": "Last Updated By",
            "internal": true,
            "name": "lastUpdatedBy",
            "oid": "03288163-e28c-4c6d-a422-7c38b6e853fa",
            "type": "string"
        },
        {
            "displayLabel": "<internal>",
            "hidden": true,
            "internal": true,
            "name": "abcsChangeNumber",
            "oid": "c57f0331-d350-4efb-878d-ccf14b9ca0e4",
            "type": "number"
        },
        {
            "name": "firstName",
            "oid": "a7f6b85f-2d12-449b-a220-a9955c966520",
            "displayLabel": "First Name",
            "type": "string"
        },
        {
            "name": "lastName",
            "oid": "34f05c5a-dc41-4596-9097-ad246c56b684",
            "displayLabel": "Last Name",
            "type": "string"
        },
        {
            "name": "emailAddress",
            "format": "email",
            "oid": "6742133e-2d7f-4f02-a22b-408db3ee74d6",
            "displayLabel": "Email Address",
            "type": "string"
        },
        {
            "name": "age",
            "oid": "c0aa6bef-417d-4150-bff3-0760f4b934ca",
            "displayLabel": "Age",
            "type": "number"
        },
        {
            "formula": {
                "server": {
                    "type": "groovy",
                    "value": "firstName+' '+lastName"
                }
            },
            "name": "fullName",
            "oid": "fdfc1475-4c53-485b-9eee-f9013c45c9c4",
            "updatable": false,
            "displayLabel": "Full Name",
            "type": "string"
        },
        {
            "name": "qualification",
            "oid": "b5156136-1c2b-4ec0-8136-b69727f6c444",
            "displayLabel": "Qualification",
            "type": "string"
        },
        {
            "name": "contactNumber",
            "oid": "6b8ee9ea-2f27-4842-85ce-f3eb0f0efaa1",
            "displayLabel": "Contact Number",
            "type": "string"
        }
    ],
    "name": "Employee",
    "oid": "8678e215-1b25-483b-8d4e-c228fab4d86e",
    "displayLabel": "Employee",
    "relationships": [
        {
            "name": "addressCollection",
            "reverseRelationship": "employeeIdObject",
            "targetEntity": "Address",
            "type": "incoming",
            "exposeAccessor": false,
            "displayField": "id"
        },
        {
            "name": "expenseCollection",
            "reverseRelationship": "employeeIdObject",
            "targetEntity": "Expense",
            "type": "incoming",
            "exposeAccessor": false,
            "displayField": "id"
        },
        {
            "displayField": "firstName",
            "exposeAccessor": false,
            "mappingField": "id",
            "name": "inventoryDetailsCollection",
            "reverseRelationship": "employeeId2",
            "targetEntity": "InventoryDetails",
            "type": "incoming"
        }
    ],
    "triggers": [
        {
            "definition": "// Trigger Beginning \nprintln 'Trigger started: SendEmail, business object: Employee, event: BeforeInsert';\n\ntry {\n\n  // Always Execute Criterion (Send an email)\n  alwaysExecuteCriterion_1: {\n    // Action Group (Action Group)\n    eMailNotification_1: {\n      def variables = [:];\n      variables[\"Parameter1\"] = String.valueOf(firstName);\n      Email.send(String.valueOf({ emailAddress }()), \"nobody@oracle.com\", \"Employee Created Successfully\", \"<p>Hi&nbsp;[[Parameter1]],</p><p>Congratulations, you are onboarded successfully.</p><p>Regards,</p><p>Team</p>\", variables);\n    };\n  }\n\n} finally {\n\n  // Trigger End \n  println 'Trigger ended: SendEmail';\n\n}",
            "displayName": "SendEmail",
            "name": "BeforeInsert_Rule_0",
            "refId": "df9ace38-3df9-4649-bee2-762e9075c8af",
            "type": "BeforeInsert"
        }
    ],
    "validators": [
        {
            "definition": "newValue>=18\n",
            "displayName": "Age Validator",
            "errorMessage": "Age must be greater or equal to 18",
            "name": "age_Validation_Rule_0",
            "refId": "68077313-5390-4842-9847-19bda9d1c02a",
            "onProperty": "age"
        }
    ],
    "objectFunctions": [
        {
            "definition": "def vo = newView('Employee');\nvo.appendViewCriteria(\"firstName ='\"+name+\"'\");\nvo.executeQuery();\n    def totalUsers = 0\n    while (vo.hasNext()) {\n        vo.next()\n        totalUsers = totalUsers + 1\n    }   \nreturn totalUsers;\n",
            "name": "TotalUsers",
            "refId": "6a3e72d8-095d-4ad6-b292-5a37b23f1238",
            "parameters": [
                {
                    "name": "name",
                    "type": "String"
                }
            ],
            "returnType": "Long",
            "visibility": [
                "external"
            ]
        }
    ]
}