{
  "schemaVersion": "1.0",
  "name": "TravelReimbursement",
  "registeredProcess": {
    "id": "oracleinternalpcs~VBCSBookPCSApp!1.0~TravelReimbursement",
    "project": "VBCSBookPCSApp",
    "projectVersion": "1.0",
    "useDefaultVersion": true,
    "processName": "TravelReimbursement",
    "isPlayerInstance": false,
    "interfaces": [
      {
        "id": "f@submitRequest",
        "label": "Submit Request",
        "parameters": {
          "travelEndDate": {
            "type": "string"
          },
          "firstName": {
            "type": "string"
          },
          "lastName": {
            "type": "string"
          },
          "amount": {
            "type": "number"
          },
          "emailAddress": {
            "type": "string"
          },
          "travelStartDate": {
            "type": "string"
          },
          "travelReason": {
            "type": "string"
          }
        }
      }
    ]
  }
}