{
  "pageModelVersion": "2010.0.0",
  "title": "",
  "description": "",
  "variables": {
    "nominationListSDP": {
      "type": "vb/ServiceDataProvider",
      "defaultValue": {
        "endpoint": "businessObjects/getall_Nomination",
        "keyAttributes": "id",
        "itemsPath": "items",
        "responseType": "page:getallNominationResponse"
      }
    }
  },
  "metadata": {},
  "types": {
    "@decorators.getallNominationResponse": {
      "endpoint": "getall_Nomination",
      "service": "businessObjects",
      "path": "response"
    },
    "getallNominationResponse": {
      "items": [
        {
          "cEOName": "string",
          "emailAddress": "string",
          "id": "number",
          "nominated": "boolean"
        }
      ]
    }
  },
  "chains": {
    "navigateToCreateNominationChain": {
      "root": "navigateToCreate",
      "actions": {
        "navigateToCreate": {
          "module": "vb/action/builtin/navigateToPageAction",
          "parameters": {
            "history": "push",
            "page": "nomination-create-nomination",
            "params": {}
          }
        }
      }
    },
    "SwitchValueChangeChain": {
      "description": "",
      "root": "callRestEndpoint1",
      "actions": {
        "callRestEndpoint1": {
          "module": "vb/action/builtin/restAction",
          "parameters": {
            "endpoint": "businessObjects/update_Nomination",
            "uriParams": {
              "Nomination_Id": "{{ $variables.key }}"
            },
            "body": "{{ {\"nominated\": $variables.value} }}"
          },
          "outcomes": {
            "failure": "fireNotification1"
          }
        },
        "fireNotification1": {
          "module": "vb/action/builtin/fireNotificationEventAction",
          "parameters": {
            "target": "leaf",
            "summary": "[[ $chain.results.callRestEndpoint1.message.summary ]]",
            "type": "error",
            "displayMode": "persist"
          }
        }
      },
      "variables": {
        "value": {
          "required": true,
          "type": "any",
          "input": "fromCaller"
        },
        "key": {
          "required": true,
          "type": "any",
          "input": "fromCaller"
        },
        "index": {
          "required": true,
          "type": "number",
          "input": "fromCaller"
        },
        "current": {
          "required": true,
          "type": "any",
          "input": "fromCaller"
        }
      }
    }
  },
  "eventListeners": {
    "createNominationButtonClicked": {
      "chains": [
        {
          "chainId": "navigateToCreateNominationChain"
        }
      ]
    },
    "ojSwitchValue": {
      "chains": [
        {
          "chainId": "SwitchValueChangeChain",
          "parameters": {
            "value": "{{ $event.detail.value }}",
            "key": "{{ $current.key }}",
            "index": "{{ $current.index }}",
            "current": "{{ $current }}"
          }
        }
      ]
    }
  },
  "imports": {
    "components": {
      "oj-table": {
        "path": "ojs/ojtable"
      },
      "oj-toolbar": {
        "path": "ojs/ojtoolbar"
      },
      "oj-button": {
        "path": "ojs/ojbutton"
      },
      "oj-switch": {
        "path": "ojs/ojswitch"
      }
    }
  }
}