{
  "pageModelVersion": "2010.0.0",
  "title": "Nominate Customer",
  "description": "Creates new Nomination",
  "variables": {
    "AccountsADP": {
      "type": "vb/ArrayDataProvider2",
      "defaultValue": {
        "itemType": "Accounts",
        "keyAttributes": [
          "EmailAddress"
        ]
      }
    },
    "createNominationChainInProgress": {
      "type": "boolean",
      "defaultValue": false
    },
    "nomination": {
      "type": "page:createNominationRequest"
    }
  },
  "metadata": {},
  "types": {
    "@decorators.createNominationRequest": {
      "endpoint": "create_Nomination",
      "service": "businessObjects",
      "path": "request"
    },
    "Accounts": {
      "CEOName": "string",
      "EmailAddress": "string"
    },
    "businessObjectsServiceErrorResponseType": {
      "body": {
        "status": "string",
        "title": "string",
        "o:errorDetails": [
          {
            "detail": "string",
            "o:errorCode": "string"
          }
        ]
      },
      "status": "number"
    },
    "createNominationRequest": {
      "cEOName": "string",
      "emailAddress": "string",
      "nominated": "boolean"
    }
  },
  "chains": {
    "createNominationChain": {
      "root": "markCreateStarted",
      "variables": {
        "saveFailureResult": {
          "type": "page:businessObjectsServiceErrorResponseType"
        },
        "errorMessage": {
          "type": "string"
        }
      },
      "actions": {
        "markCreateStarted": {
          "module": "vb/action/builtin/assignVariablesAction",
          "parameters": {
            "$page.variables.createNominationChainInProgress": {
              "source": true
            }
          },
          "outcomes": {
            "success": "validateNomination"
          },
          "description": "Sets the progress variable to true",
          "label": "Mark Create in progress"
        },
        "validateNomination": {
          "module": "vb/action/builtin/callChainAction",
          "parameters": {
            "id": "flow:validateFormChain",
            "params": {
              "validationGroupId": "validation-group"
            }
          },
          "outcomes": {
            "success": "isFormValid"
          },
          "label": "Validate",
          "description": "Validates Nomination form"
        },
        "isFormValid": {
          "module": "vb/action/builtin/ifAction",
          "parameters": {
            "condition": "[[ $chain.results.validateNomination === true ]]"
          },
          "outcomes": {
            "true": "createNomination",
            "false": "markCreateEnded"
          },
          "label": "Is Form valid",
          "description": "Tests if form passed validation"
        },
        "createNomination": {
          "module": "vb/action/builtin/restAction",
          "parameters": {
            "endpoint": "businessObjects/create_Nomination",
            "body": "[[ $page.variables.nomination ]]"
          },
          "outcomes": {
            "success": "fireSuccessNotification",
            "failure": "assignFailureResult"
          }
        },
        "fireSuccessNotification": {
          "module": "vb/action/builtin/fireNotificationEventAction",
          "parameters": {
            "summary": "Nomination saved",
            "message": "Nomination record successfully created",
            "type": "confirmation",
            "displayMode": "transient"
          },
          "outcomes": {
            "success": "navigateBack"
          }
        },
        "navigateBack": {
          "module": "vb/action/builtin/navigateBackAction",
          "outcomes": {
            "success": "markCreateEnded"
          }
        },
        "assignFailureResult": {
          "module": "vb/action/builtin/assignVariablesAction",
          "parameters": {
            "$chain.variables.saveFailureResult": {
              "source": "[[ $chain.results.createNomination.payload ]]"
            }
          },
          "outcomes": {
            "success": "testFailureDetails"
          }
        },
        "testFailureDetails": {
          "module": "vb/action/builtin/ifAction",
          "outcomes": {
            "true": "handleDetailedErrorMessage",
            "false": "handleDefaultErrorMessage"
          },
          "parameters": {
            "condition": "[[ $chain.variables.saveFailureResult.body['o:errorDetails'][0] ]]"
          }
        },
        "handleDetailedErrorMessage": {
          "module": "vb/action/builtin/assignVariablesAction",
          "outcomes": {
            "success": "fireErrorNotification"
          },
          "parameters": {
            "$chain.variables.errorMessage": {
              "source": "[[ $chain.variables.saveFailureResult.body['o:errorDetails'][0].detail ]]"
            }
          }
        },
        "handleDefaultErrorMessage": {
          "module": "vb/action/builtin/assignVariablesAction",
          "outcomes": {
            "success": "fireErrorNotification"
          },
          "parameters": {
            "$chain.variables.errorMessage": {
              "source": "[[ 'Could not create new Nomination: status ' + $chain.variables.saveFailureResult.status ]]"
            }
          }
        },
        "fireErrorNotification": {
          "module": "vb/action/builtin/fireNotificationEventAction",
          "parameters": {
            "summary": "Save failed",
            "message": "[[ $chain.variables.errorMessage ]]",
            "type": "error",
            "displayMode": "persist"
          },
          "outcomes": {
            "success": "markCreateEnded"
          }
        },
        "markCreateEnded": {
          "module": "vb/action/builtin/assignVariablesAction",
          "parameters": {
            "$page.variables.createNominationChainInProgress": {
              "source": false
            }
          },
          "description": "Sets the progress variable to false",
          "label": "Mark Create done"
        }
      }
    },
    "goBackChain": {
      "root": "navigateBack",
      "actions": {
        "navigateBack": {
          "module": "vb/action/builtin/navigateBackAction"
        }
      }
    },
    "loadData": {
      "root": "runInParallel1",
      "description": "",
      "variables": {},
      "actions": {
        "runInParallel1": {
          "module": "vb/action/builtin/forkAction",
          "parameters": {
            "actions": {
              "callRestEndpoint1": "callRestEndpointAccounts",
              "callRestEndpoint2": "callRestEndpointNominatedCustomers"
            }
          },
          "outcomes": {
            "join": "callModuleFunction1"
          }
        },
        "fireNotification1": {
          "module": "vb/action/builtin/fireNotificationEventAction",
          "parameters": {
            "target": "leaf",
            "summary": "[[ $chain.results.callRestEndpointAccounts.message.summary ]]",
            "type": "error",
            "displayMode": "persist"
          }
        },
        "fireNotification2": {
          "module": "vb/action/builtin/fireNotificationEventAction",
          "parameters": {
            "target": "leaf",
            "summary": "[[ $chain.results.callRestEndpointNominatedCustomers.message.summary ]]",
            "type": "error",
            "displayMode": "persist"
          }
        },
        "callRestEndpointAccounts": {
          "module": "vb/action/builtin/restAction",
          "parameters": {
            "endpoint": "crmRestApi/getall_accounts"
          },
          "outcomes": {
            "failure": "fireNotification1"
          }
        },
        "callRestEndpointNominatedCustomers": {
          "module": "vb/action/builtin/restAction",
          "parameters": {
            "endpoint": "businessObjects/getall_Nomination"
          },
          "outcomes": {
            "failure": "fireNotification2"
          }
        },
        "callModuleFunction1": {
          "module": "vb/action/builtin/callModuleFunctionAction",
          "parameters": {
            "module": "[[ $functions ]]",
            "functionName": "getCustomersToNominate",
            "params": [
              "{{ $chain.results.callRestEndpointAccounts.body.items }}",
              "{{ $chain.results.callRestEndpointNominatedCustomers.body.items }}"
            ],
            "returnType": "any[]"
          },
          "outcomes": {
            "success": "assignVariables1"
          }
        },
        "assignVariables1": {
          "module": "vb/action/builtin/assignVariablesAction",
          "parameters": {
            "$page.variables.AccountsADP": {
              "source": {
                "data": "{{ $chain.results.callModuleFunction1 }}"
              },
              "reset": "none",
              "auto": "always",
              "mapping": {
                "$target.data": {
                  "source": "$source.data",
                  "reset": "empty"
                }
              }
            }
          }
        }
      }
    },
    "SingleSelectValueItemChangeChain": {
      "description": "",
      "root": "assignVariables1",
      "actions": {
        "assignVariables1": {
          "module": "vb/action/builtin/assignVariablesAction",
          "parameters": {
            "$page.variables.nomination": {
              "source": {
                "cEOName": "{{ $variables.data.CEOName }}",
                "emailAddress": "{{ $variables.data.EmailAddress }}"
              },
              "reset": "none",
              "auto": "always"
            }
          }
        }
      },
      "variables": {
        "key": {
          "required": true,
          "type": "any",
          "input": "fromCaller"
        },
        "data": {
          "required": true,
          "type": "any",
          "input": "fromCaller"
        },
        "metadata": {
          "required": true,
          "type": "any",
          "input": "fromCaller"
        }
      }
    }
  },
  "eventListeners": {
    "backButtonClicked": {
      "chains": [
        {
          "chainId": "goBackChain"
        }
      ]
    },
    "ojSelectSingleValueItem": {
      "chains": [
        {
          "chainId": "SingleSelectValueItemChangeChain",
          "parameters": {
            "key": "{{$event.detail.value.key}}",
            "data": "{{$event.detail.value.data}}",
            "metadata": "{{$event.detail.value.metadata}}"
          }
        }
      ]
    },
    "saveButtonClicked": {
      "chains": [
        {
          "chainId": "createNominationChain"
        }
      ]
    },
    "vbEnter": {
      "chains": [
        {
          "chainId": "loadData",
          "parameters": {}
        }
      ]
    }
  },
  "imports": {
    "components": {
      "oj-validation-group": {
        "path": "ojs/ojvalidationgroup"
      },
      "oj-form-layout": {
        "path": "ojs/ojformlayout"
      },
      "oj-toolbar": {
        "path": "ojs/ojtoolbar"
      },
      "oj-button": {
        "path": "ojs/ojbutton"
      },
      "oj-select-single": {
        "path": "ojs/ojselectsingle"
      }
    }
  }
}