{
  "title": "",
  "description": "",
  "variables": {
    "doctorsListSDP": {
      "type": "vb/ServiceDataProvider",
      "defaultValue": {
        "endpoint": "businessObjects/getall_Doctors",
        "keyAttributes": "id",
        "itemsPath": "items",
        "responseType": "page:getallDoctorsResponse"
      }
    }
  },
  "metadata": {},
  "types": {
    "@decorators.getallDoctorsResponse": {
      "endpoint": "getall_Doctors",
      "service": "businessObjects",
      "path": "response"
    },
    "getallDoctorsResponse": {
      "items": [
        {
          "about": "string",
          "address": "string",
          "degree": "string",
          "doctorEmail": "string",
          "doctorName": "string",
          "expertise": "string",
          "id": "number",
          "rating": "number"
        }
      ]
    }
  },
  "chains": {
    "performSwipeOperationChain": {
      "root": "switch",
      "variables": {
        "navigationItem": {
          "type": "string",
          "required": true,
          "input": "fromCaller"
        },
        "doctorsId": {
          "type": "string",
          "required": true,
          "input": "fromCaller"
        },
        "rowData": {
          "type": "any",
          "required": false,
          "input": "fromCaller"
        }
      },
      "actions": {
        "switch": {
          "module": "vb/action/builtin/switchAction",
          "parameters": {
            "caseValue": "[[$chain.variables.navigationItem]]",
            "possibleValues": [
              "View",
              "Appointment"
            ]
          },
          "outcomes": {
            "View": "assignVariables",
            "Appointment": "assignVariables2"
          }
        },
        "assignVariables": {
          "module": "vb/action/builtin/assignVariablesAction",
          "parameters": {
            "$flow.variables.DoctorDetails": {
              "source": "{{ $variables.rowData }}",
              "auto": "always"
            }
          },
          "outcomes": {
            "success": "navigateToBookAppointmentDetails"
          }
        },
        "navigateToBookAppointmentDetails": {
          "module": "vb/action/builtin/navigateToPageAction",
          "parameters": {
            "page": "book-appointment-details"
          }
        },
        "assignVariables2": {
          "module": "vb/action/builtin/assignVariablesAction",
          "parameters": {
            "$flow.variables.NewAppointment": {
              "source": "{{ $variables.rowData }}",
              "auto": "always"
            }
          },
          "outcomes": {
            "success": "navigateToBookAppointmentDr"
          }
        },
        "navigateToBookAppointmentDr": {
          "module": "vb/action/builtin/navigateToPageAction",
          "parameters": {
            "page": "book-appointment-dr"
          }
        }
      }
    }
  },
  "eventListeners": {
    "ojSwipeActionsPerformed": {
      "chains": [
        {
          "chainId": "performSwipeOperationChain",
          "parameters": {
            "navigationItem": "[[$event.target.value]]",
            "doctorsId": "[[$current.key]]",
            "rowData": "[[$current.data]]"
          }
        }
      ]
    }
  },
  "imports": {
    "components": {
      "oj-ext-mobile-page-template": {
        "path": "vb/components/mobile-page-template/loader"
      },
      "oj-list-item-layout": {
        "path": "ojs/ojlistitemlayout"
      },
      "oj-list-view": {
        "path": "ojs/ojlistview"
      },
      "oj-option": {
        "path": "ojs/ojoption"
      },
      "oj-rating-gauge": {
        "path": "ojs/ojgauge"
      },
      "oj-swipe-actions": {
        "path": "ojs/ojswipeactions"
      },
      "oj-vb-list-item": {
        "path": "vb/components/list-item/loader"
      }
    }
  }
}