{
  "title": "",
  "description": "",
  "variables": {
    "selectSingleADP": {
      "type": "vb/ArrayDataProvider2",
      "defaultValue" : {
        "keyAttributes": "value",
        "data": [
          {
            "value": "val1",
            "label": "Value1"
          },
          {
            "value": "val2",
            "label": "Value2"
          },
          {
            "value": "val3",
            "label": "Value3"
          }
        ]
      }
    }
  },
  "metadata": {},
  "types": {},
  "chains": {
    "ButtonActionChain": {
      "description": "",
      "root": "callRestCreateAppointment",
      "actions": {
        "fireNotification": {
          "module": "vb/action/builtin/fireNotificationEventAction",
          "parameters": {
            "target": "leaf",
            "summary": "[[ $chain.results.callRestCreateAppointment.message.summary ]]",
            "type": "error",
            "displayMode": "persist"
          }
        },
        "callRestCreateAppointment": {
          "module": "vb/action/builtin/restAction",
          "parameters": {
            "endpoint": "businessObjects/create_Appointment",
            "body": "{{ $flow.variables.NewAppointment }}"
          },
          "outcomes": {
            "failure": "fireNotification",
            "success": "fireNotification2"
          }
        },
        "fireNotification2": {
          "module": "vb/action/builtin/fireNotificationEventAction",
          "parameters": {
            "target": "leaf",
            "summary": "[[ \"You are appointment with \"+ $flow.variables.NewAppointment.doctorName + \" has been booked\"]]",
            "displayMode": "transient",
            "type": "confirmation"
          },
          "outcomes": {
            "success": "navigateBack"
          }
        },
        "navigateBack": {
          "module": "vb/action/builtin/navigateBackAction"
        }
      },
      "variables": {
        "detail": {
          "required": true,
          "type": "any",
          "input": "fromCaller"
        }
      }
    }
  },
  "eventListeners": {
    "ojButtonOjAction": {
      "chains": [
        {
          "chainId": "ButtonActionChain",
          "parameters": {
            "detail": "{{ $event.detail }}"
          }
        }
      ]
    }
  },
  "imports": {
    "components": {
      "oj-ext-mobile-page-template": {
        "path": "vb/components/mobile-page-template/loader"
      },
      "oj-input-date-time": {
        "path": "ojs/ojdatetimepicker"
      },
      "oj-label": {
        "path": "ojs/ojlabel"
      },
      "oj-input-text": {
        "path": "ojs/ojinputtext"
      },
      "oj-text-area": {
        "path": "ojs/ojinputtext"
      },
      "oj-input-number": {
        "path": "ojs/ojinputnumber"
      },
      "oj-input-date": {
        "path": "ojs/ojdatetimepicker"
      },
      "oj-select-single": {
        "path": "ojs/ojselectsingle"
      },
      "oj-form-layout": {
        "path": "ojs/ojformlayout"
      },
      "oj-label-value": {
        "path": "ojs/ojlabelvalue"
      },
      "oj-button": {
        "path": "ojs/ojbutton"
      }
    }
  }
}