{
    "fields": [
        {
            "displayLabel": "Id",
            "internal": true,
            "key": true,
            "name": "id",
            "oid": "991db0ca-cdb1-4a71-a33b-15d3b969eff4",
            "required": true,
            "type": "number",
            "unique": true
        },
        {
            "displayLabel": "Created",
            "internal": true,
            "name": "creationDate",
            "oid": "f40ca862-08c7-4035-9bf9-1a9f222cf373",
            "type": "datetime"
        },
        {
            "displayLabel": "Last Updated",
            "internal": true,
            "name": "lastUpdateDate",
            "oid": "e5124448-0e80-42ff-8d6d-5ecefe23b8dd",
            "type": "datetime"
        },
        {
            "displayLabel": "Created By",
            "internal": true,
            "name": "createdBy",
            "oid": "b3b5a8f6-2b2c-4990-80e6-90546a6c440a",
            "type": "string"
        },
        {
            "displayLabel": "Last Updated By",
            "internal": true,
            "name": "lastUpdatedBy",
            "oid": "66e263e5-7f72-48ab-9f51-e3f86891ae4e",
            "type": "string"
        },
        {
            "displayLabel": "<internal>",
            "hidden": true,
            "internal": true,
            "name": "abcsChangeNumber",
            "oid": "0edebfb1-50bb-4093-bfcc-880efa523799",
            "type": "number"
        },
        {
            "name": "cEOName",
            "oid": "728c3b75-b40d-45cb-90cc-1bd62970ec09",
            "displayLabel": "CEO Name",
            "type": "string"
        },
        {
            "name": "emailAddress",
            "format": "email",
            "oid": "7a56dbc0-8acb-492c-8a68-07e930dfe35d",
            "displayLabel": "Email Address",
            "type": "string"
        },
        {
            "name": "nominated",
            "oid": "44afe323-e273-46e0-915f-e20b51055942",
            "displayLabel": "Nominated",
            "type": "boolean",
            "defaultValue": {
                "server": {
                    "type": "static",
                    "value": true
                }
            }
        }
    ],
    "name": "Nomination",
    "oid": "e064e1e3-5d7e-4cfc-8ccc-cb39ae75e812",
    "displayLabel": "Nomination",
    "security": {
        "type": "local",
        "acl": [
            {
                "roleId": "AdminRole",
                "privileges": [
                    {
                        "name": "view",
                        "value": true
                    },
                    {
                        "name": "create",
                        "value": true
                    },
                    {
                        "name": "update",
                        "value": true
                    },
                    {
                        "name": "delete",
                        "value": true
                    }
                ]
            },
            {
                "roleId": "EmployeeRole",
                "privileges": [
                    {
                        "name": "view",
                        "value": true,
                        "condition": {
                            "fieldId": "createdBy",
                            "operator": "Equals",
                            "value": "=adf.context.getSecurityContext()?.getUserName()"
                        }
                    },
                    {
                        "name": "create",
                        "value": true
                    },
                    {
                        "name": "update",
                        "value": true,
                        "condition": {
                            "fieldId": "createdBy",
                            "operator": "Equals",
                            "value": "=adf.context.getSecurityContext()?.getUserName()"
                        }
                    },
                    {
                        "name": "delete",
                        "value": true,
                        "condition": {
                            "fieldId": "createdBy",
                            "operator": "Equals",
                            "value": "=adf.context.getSecurityContext()?.getUserName()"
                        }
                    }
                ]
            },
            {
                "roleId": "approle.anonymous.user",
                "privileges": [
                    {
                        "name": "view",
                        "value": false
                    },
                    {
                        "name": "create",
                        "value": false
                    },
                    {
                        "name": "update",
                        "value": false
                    },
                    {
                        "name": "delete",
                        "value": false
                    }
                ]
            },
            {
                "roleId": "approle.authenticated.user",
                "privileges": [
                    {
                        "name": "view",
                        "value": false
                    },
                    {
                        "name": "create",
                        "value": false
                    },
                    {
                        "name": "update",
                        "value": false
                    },
                    {
                        "name": "delete",
                        "value": false
                    }
                ]
            }
        ]
    }
}