{
    "backends": {
    "ics": {
      "serviceType": "ics",
      "servers": [
        {
          "url": "vb-catalog://backends.tenant/ics",
          "description": "Overridden Integration Server",
          "x-vb": {
            "secureHeaders": {},
            "authentication": {
              "authenticated": {
                "type": "basic",
                "credentials": "vb_eb3414d2-8f40-4e60-8a1e-16528df1b0f5"
              }
            },
            "anonymousAccess": false
          }
        },
        {
          "url": "https://anotheroic-idpwdmf0ivaf-ia.integration.ocp.oraclecloud.com:443",
          "description": "Default Server",
          "x-vb": {
            "authentication": {
              "authenticated": {
                "type": "basic",
                "credentials": "vb_df11b536-47a0-4d52-997f-988c5057fe43"
              }
            },
            "profiles": [
              "test_configuration"
            ]
          }
        }
      ]
    },
    "fa": {
      "serviceType": "fa-base",
      "description": "Oracle Cloud Applications",
      "headers": {
        "REST-Framework-Version": "4"
      },
      "transforms": {
        "path": "vb/BusinessObjectsTransforms"
      },
      "servers": [
        {
          "url": "vb-catalog://backends.tenant/fa",
          "description": "Overridden Default Server",
          "x-vb": {
            "authentication": {
              "authenticated": {
                "type": "basic",
                "credentials": "vb_a5d06252-e7fb-4aa5-a7bb-aa37661109a1"
              }
            },
            "anonymousAccess": false
          }
        }
      ]
    },
    "vbprocess": {
      "serviceType": "vbprocess",
      "servers": [
        {
          "url": "vb-catalog://backends.tenant/vbprocess",
          "description": "Player Target Server",
          "x-vb": {
            "headers": {
              "pcs_mode": "dev"
            }
          }
        },
        {
          "url": "vb-catalog://backends.tenant/vbprocess",
          "description": "Default Target Server",
          "x-vb": {
            "profiles": [
              "base_configuration"
            ]
          }
        }
      ]
    }
      }
}