{
    "backends": {
        "ics": {
            "description": "Integration Applications",
            "serviceType": "ics",
            "servers": [
                {
                    "url": "https://oic01-axzqdffuzuwb-px.integration.ocp.oraclecloud.com:443",
                    "description": "Default Server",
                    "x-vb": {
                        "authentication": {
                            "authenticated": {
                                "type": "basic",
                                "credentials": "vb_93552b48-8c7d-4d0f-9de6-b8ffc305a9f6"
                            }
                        }
                    }
                }
            ]
        }
      }
}