{
  "title": "",
  "description": "",
  "variables": {
    "emailAddressCriteria": {
      "type": "SearchCriteria",
      "defaultValue": {
        "attribute": "emailAddress",
        "op": "$eq"
      }
    },
    "employeeListSDP": {
      "type": "vb/ServiceDataProvider",
      "defaultValue": {
        "endpoint": "businessObjects/getall_Employee",
        "keyAttributes": "id",
        "itemsPath": "items",
        "responseType": "page:getallEmployeeResponse"
      }
    },
    "firstNameCriteria": {
      "type": "SearchCriteria",
      "defaultValue": {
        "attribute": "firstName",
        "op": "$co"
      }
    },
    "lastNameCriteria": {
      "type": "SearchCriteria",
      "defaultValue": {
        "attribute": "lastName",
        "op": "$co"
      }
    },
    "qualificationCriteria": {
      "type": "SearchCriteria",
      "defaultValue": {
        "attribute": "qualification",
        "op": "$eq"
      }
    },
    "qualificationListSDP": {
      "type": "vb/ServiceDataProvider",
      "defaultValue": {
        "endpoint": "businessObjects/getall_Qualification",
        "keyAttributes": "qualification",
        "itemsPath": "items",
        "responseType": "page:getallQualificationResponse",
        "transformsContext": {
          "vb-textFilterAttributes": [
            "qualification"
          ]
        }
      }
    }
  },
  "metadata": {},
  "types": {
    "@decorators.getallEmployeeResponse": {
      "endpoint": "getall_Employee",
      "service": "businessObjects",
      "path": "response"
    },
    "@decorators.getallQualificationResponse": {
      "endpoint": "getall_Qualification",
      "service": "businessObjects",
      "path": "response"
    },
    "getallEmployeeResponse": {
      "items": [
        {
          "emailAddress": "string",
          "firstName": "string",
          "fullName": "string",
          "id": "number",
          "lastName": "string",
          "qualification": "string"
        }
      ]
    },
    "getallQualificationResponse": {
      "items": [
        {
          "qualification": "string"
        }
      ]
    },
    "SearchCriteria": {
      "attribute": "string",
      "op": "string",
      "value": "string"
    }
  },
  "chains": {
    "ButtonActionChain": {
      "description": "",
      "root": "resetVariables",
      "actions": {
        "resetVariables": {
          "module": "vb/action/builtin/resetVariablesAction",
          "parameters": {
            "variables": [
              "$page.variables.firstNameCriteria.value",
              "$page.variables.lastNameCriteria.value",
              "$page.variables.emailAddressCriteria.value",
              "$page.variables.qualificationCriteria.value"
            ]
          }
        }
      },
      "variables": {
        "detail": {
          "required": true,
          "type": "any",
          "input": "fromCaller"
        }
      }
    },
    "ButtonActionChain1": {
      "description": "",
      "root": "assignVariables",
      "actions": {
        "assignVariables": {
          "module": "vb/action/builtin/assignVariablesAction",
          "parameters": {
            "$page.variables.emailAddressCriteria": {
              "source": {
                "value": "{{ $page.variables.emailAddressCriteria.value?$page.variables.emailAddressCriteria.value:'' }}"
              },
              "reset": "none",
              "auto": "always"
            },
            "$page.variables.firstNameCriteria": {
              "source": {
                "value": "{{ $page.variables.firstNameCriteria.value?$page.variables.firstNameCriteria.value:'' }}"
              },
              "reset": "none",
              "auto": "always"
            },
            "$page.variables.lastNameCriteria": {
              "source": {
                "value": "{{ $page.variables.lastNameCriteria.value?$page.variables.lastNameCriteria.value:'' }}"
              },
              "reset": "none",
              "auto": "always"
            },
            "$page.variables.qualificationCriteria": {
              "source": {
                "value": "{{ $page.variables.qualificationCriteria.value?$page.variables.qualificationCriteria.value:'' }}"
              },
              "reset": "none",
              "auto": "always"
            }
          },
          "outcomes": {
            "success": "assignVariables2"
          }
        },
        "assignVariables2": {
          "module": "vb/action/builtin/assignVariablesAction",
          "parameters": {
            "$page.variables.employeeListSDP": {
              "source": {
                "filterCriterion": {
                  "criteria": [
                    "{{ $page.variables.emailAddressCriteria }}",
                    "{{ $page.variables.firstNameCriteria }}",
                    "{{ $page.variables.lastNameCriteria }}",
                    "{{ $page.variables.qualificationCriteria }}"
                  ]
                }
              },
              "reset": "none",
              "auto": "always",
              "mapping": {
                "$target.filterCriterion": {
                  "source": "$source.filterCriterion",
                  "reset": "none",
                  "auto": "always"
                }
              }
            }
          }
        }
      },
      "variables": {
        "detail": {
          "required": true,
          "type": "any",
          "input": "fromCaller"
        }
      }
    }
  },
  "eventListeners": {
    "ojButtonOjAction": {
      "chains": [
        {
          "chainId": "ButtonActionChain",
          "parameters": {
            "detail": "{{ $event.detail }}"
          }
        }
      ]
    },
    "ojButtonOjAction2": {
      "chains": [
        {
          "chainId": "ButtonActionChain1",
          "parameters": {
            "detail": "{{ $event.detail }}"
          }
        }
      ]
    }
  },
  "imports": {
    "components": {
      "oj-button": {
        "path": "ojs/ojbutton"
      },
      "oj-form-layout": {
        "path": "ojs/ojformlayout"
      },
      "oj-input-text": {
        "path": "ojs/ojinputtext"
      },
      "oj-select-single": {
        "path": "ojs/ojselectsingle"
      },
      "oj-table": {
        "path": "ojs/ojtable"
      }
    }
  }
}