{
    "profiles": [
        {
            "displayName": "Base configuration",
            "id": "base_configuration",
            "description": "Default development profile in VBCS"
        },
        {
            "displayName": "Test configuration",
            "description": "Default Test profile in VBCS",
            "id": "test_configuration"
        },
        {
            "displayName": "Prod configuration",
            "description": "Default Prod profile in VBCS",
            "id": "prod_configuration"
        }
    ],
    "defaults": {
        "dev": "base_configuration",
        "stage": "test_configuration",
        "publish": "prod_configuration"
    }
}