{
  "title": "",
  "description": "",
  "variables": {
    "NewAccount": {
      "type": "postSobjectsAccount"
    }
  },
  "metadata": {},
  "types": {
    "@decorators.postSobjectsAccount": {
      "endpoint": "postSobjectsAccount",
      "service": "servicesData",
      "path": "request"
    },
    "postSobjectsAccount": {
      "Name": "string"
    }
  },
  "chains": {
    "ButtonActionChain": {
      "description": "",
      "root": "callRestPostSobjectsAccount",
      "actions": {
        "fireNotification": {
          "module": "vb/action/builtin/fireNotificationEventAction",
          "parameters": {
            "target": "leaf",
            "summary": "[[ $chain.results.callRestPostSobjectsAccount.message.summary ]]",
            "type": "error",
            "displayMode": "persist"
          }
        },
        "callRestPostSobjectsAccount": {
          "module": "vb/action/builtin/restAction",
          "parameters": {
            "endpoint": "servicesData/postSobjectsAccount",
            "body": "{{ $page.variables.NewAccount }}"
          },
          "outcomes": {
            "failure": "fireNotification",
            "success": "callChainLoadData"
          }
        },
        "callChainLoadData": {
          "module": "vb/action/builtin/callChainAction",
          "parameters": {
            "id": "application:loadData"
          }
        }
      },
      "variables": {
        "detail": {
          "required": true,
          "type": "any",
          "input": "fromCaller"
        }
      }
    }
  },
  "eventListeners": {
    "ojButtonOjAction": {
      "chains": [
        {
          "chainId": "ButtonActionChain",
          "parameters": {
            "detail": "{{ $event.detail }}"
          }
        }
      ]
    }
  },
  "imports": {
    "components": {
      "oj-button": {
        "path": "ojs/ojbutton"
      },
      "oj-form-layout": {
        "path": "ojs/ojformlayout"
      },
      "oj-input-text": {
        "path": "ojs/ojinputtext"
      },
      "oj-table": {
        "path": "ojs/ojtable"
      }
    }
  }
}