{
    "displayLabel": "Appointment",
    "fields": [
        {
            "displayLabel": "Id",
            "internal": true,
            "key": true,
            "name": "id",
            "oid": "1a94b6f8-4abc-4945-bb32-08eb639637a3",
            "required": true,
            "type": "number",
            "unique": true
        },
        {
            "displayLabel": "Created",
            "internal": true,
            "name": "creationDate",
            "oid": "2479d940-30ca-4a8f-97e9-7d25cd1727d1",
            "type": "datetime"
        },
        {
            "displayLabel": "Last Updated",
            "internal": true,
            "name": "lastUpdateDate",
            "oid": "aef11aa8-6100-456f-a867-325b492f036d",
            "type": "datetime"
        },
        {
            "displayLabel": "Created By",
            "internal": true,
            "name": "createdBy",
            "oid": "7b7c2105-e04d-4e5c-98e0-2e42c64dc920",
            "type": "string"
        },
        {
            "displayLabel": "Last Updated By",
            "internal": true,
            "name": "lastUpdatedBy",
            "oid": "d1f00707-d32c-4a7b-8ed5-e0b843188bb0",
            "type": "string"
        },
        {
            "displayLabel": "<internal>",
            "hidden": true,
            "internal": true,
            "name": "abcsChangeNumber",
            "oid": "9e7e5bad-9b43-4c0c-9bbc-64a32ec08751",
            "type": "number"
        },
        {
            "displayLabel": "Doctor Name",
            "name": "doctorName",
            "oid": "ba250bc3-3f12-4862-a7c4-86e1c05e1367",
            "type": "string"
        },
        {
            "displayLabel": "Expertise",
            "name": "expertise",
            "oid": "f758b19c-70be-4873-a882-86480b1658dc",
            "type": "string"
        },
        {
            "displayLabel": "Address",
            "name": "address",
            "oid": "c25cb382-e469-40f8-bb0c-d46762b48a26",
            "type": "string"
        },
        {
            "displayLabel": "Appointment Date Time",
            "name": "appointmentDateTime",
            "oid": "72646490-572d-4e5c-a82d-0ff64b33bbb7",
            "type": "string"
        },
        {
            "displayLabel": "Appointment Note",
            "name": "appointmentNote",
            "oid": "be531f7c-5ab0-4e93-b217-08457c805f4d",
            "type": "string"
        },
        {
            "displayLabel": "Doctor Email",
            "name": "doctorEmail",
            "oid": "ee12038b-bcba-49df-b6db-2d0971c508c8",
            "type": "string"
        }
    ],
    "name": "Appointment",
    "oid": "0bf167ea-9159-4c04-865a-2f69bbf690a6"
}