{
  "applicationModelVersion": "2010.0.0",
  "id": "oraclecloudext_chapter9",
  "description": "A new VB app",
  "defaultPage": "shell",
  "chains": {
    "resourceChangedHandler": {
      "root": "fireNotification1",
      "description": "Displays a notification message when application has been updated and needs to be refreshed.",
      "variables": {
        "event": {
          "required": false,
          "input": "fromCaller",
          "type": {
            "error": {
              "detail": "string"
            }
          }
        }
      },
      "actions": {
        "fireNotification1": {
          "module": "vb/action/builtin/fireNotificationEventAction",
          "parameters": {
            "summary": "[[ $chain.variables.event.error.detail ]]",
            "target": "leaf"
          }
        }
      }
    }
  },
  "services": {
    "crmRestApi": {
      "path": "./services/crmRestApi/openapi3.json"
    },
    "businessObjects": {
      "path": "vb-catalog://services/businessObjects"
    }
  },
  "translations": {
    "app": {
      "path": "./resources/strings/app/nls/app-strings"
    }
  },
  "events": {
    "navigateToItem": {
      "payloadType": {
        "item": "string"
      },
      "description": "Event to configure navigation between items/tabs."
    }
  },
  "types": {},
  "variables": {},
  "eventListeners": {
    "vbResourceChanged": {
      "chains": [
        {
          "chainId": "resourceChangedHandler",
          "parameters": {
            "event": "{{ $event }}"
          }
        }
      ]
    }
  },
  "userConfig": {
    "type": "vb/DefaultSecurityProvider",
    "configuration": {},
    "embedding": "deny"
  },
  "security": {},
  
  "localization": {
    "locale": "{{ window.localStorage.getItem('current.locale') || navigator.language }}"
  }

}