{
    "displayLabel": "Doctors",
    "fields": [
        {
            "displayLabel": "Id",
            "internal": true,
            "key": true,
            "name": "id",
            "oid": "597e055b-b860-4e02-8328-a34377721d36",
            "required": true,
            "type": "number",
            "unique": true
        },
        {
            "displayLabel": "Created",
            "internal": true,
            "name": "creationDate",
            "oid": "8980c741-88fd-4ee8-8080-fd4fd3073036",
            "type": "datetime"
        },
        {
            "displayLabel": "Last Updated",
            "internal": true,
            "name": "lastUpdateDate",
            "oid": "38792acd-04a7-4ca8-b850-4fa3fcb5b614",
            "type": "datetime"
        },
        {
            "displayLabel": "Created By",
            "internal": true,
            "name": "createdBy",
            "oid": "64d80923-dd68-4fcb-94e3-47870800337a",
            "type": "string"
        },
        {
            "displayLabel": "Last Updated By",
            "internal": true,
            "name": "lastUpdatedBy",
            "oid": "6aaafdae-626a-46d4-8c94-1b952606a685",
            "type": "string"
        },
        {
            "displayLabel": "<internal>",
            "hidden": true,
            "internal": true,
            "name": "abcsChangeNumber",
            "oid": "c0386610-d9a4-4f76-ae34-8848ad804b21",
            "type": "number"
        },
        {
            "displayLabel": "Doctor Name",
            "name": "doctorName",
            "oid": "a93dcba8-d718-4870-b675-d5ff4164175b",
            "type": "string"
        },
        {
            "displayLabel": "Rating",
            "name": "rating",
            "oid": "68d7a459-18a5-4e08-810e-3f8bb0301f1b",
            "type": "number"
        },
        {
            "displayLabel": "Doctor Email",
            "name": "doctorEmail",
            "oid": "cd2aa220-54ed-4685-b61a-ba04b5bc9ff0",
            "type": "string"
        },
        {
            "displayLabel": "Expertise",
            "name": "expertise",
            "oid": "2a3f0739-84d8-4917-a8e5-daf813bf546e",
            "type": "string"
        },
        {
            "displayLabel": "Address",
            "name": "address",
            "oid": "ae322f09-d983-442b-97bd-2a9e744f0b35",
            "type": "string"
        },
        {
            "displayLabel": "Degree",
            "name": "degree",
            "oid": "03efafb3-5d20-43c8-8a94-e073eff94aa4",
            "type": "string"
        },
        {
            "displayLabel": "About",
            "name": "about",
            "oid": "70601e82-bca7-4c48-9768-84104f2ab4b3",
            "type": "string"
        }
    ],
    "name": "Doctors",
    "oid": "5d1e78dd-8bec-4770-bb7d-7e2e2bb16cde"
}