{
    "fields": [
        {
            "displayLabel": "Id",
            "internal": true,
            "key": true,
            "name": "id",
            "oid": "406112bd-ff04-49bd-b172-f84ebcba34d3",
            "required": true,
            "type": "number",
            "unique": true
        },
        {
            "displayLabel": "Created",
            "internal": true,
            "name": "creationDate",
            "oid": "c58ef861-52a0-4e4b-a0a0-f472fd3367f4",
            "type": "datetime"
        },
        {
            "displayLabel": "Last Updated",
            "internal": true,
            "name": "lastUpdateDate",
            "oid": "c6ea5f07-0dc4-45b9-95b7-0843420347cd",
            "type": "datetime"
        },
        {
            "displayLabel": "Created By",
            "internal": true,
            "name": "createdBy",
            "oid": "fd675f2b-60a0-480e-b4c1-1f010655dded",
            "type": "string"
        },
        {
            "displayLabel": "Last Updated By",
            "internal": true,
            "name": "lastUpdatedBy",
            "oid": "16416107-a834-41b5-abc3-e5658fe10f43",
            "type": "string"
        },
        {
            "displayLabel": "<internal>",
            "hidden": true,
            "internal": true,
            "name": "abcsChangeNumber",
            "oid": "8ca43b8a-b0a9-4872-89a7-aa1ab1e32eb7",
            "type": "number"
        },
        {
            "name": "cEOName",
            "oid": "6588b340-dee9-4dc5-9a75-ca68f7890c56",
            "displayLabel": "CEO Name",
            "type": "string"
        },
        {
            "name": "emailAddress",
            "format": "email",
            "oid": "af503644-2d16-4eea-a684-83bd11d0b55f",
            "displayLabel": "Email Address",
            "type": "string"
        },
        {
            "defaultValue": {
                "server": {
                    "type": "static",
                    "value": true
                }
            },
            "name": "nominated",
            "oid": "7a49562a-2b82-4f4c-bbcb-ae9b031fa855",
            "displayLabel": "Nominated",
            "type": "boolean"
        }
    ],
    "name": "Nomination",
    "oid": "e78f666f-6192-44cd-91d0-86eb248b30b4",
    "displayLabel": "Nomination"
}