{
    "openapi": "3.0.0",
    "info": {
        "version": "v01",
        "title": "FTPOPERATIONS",
        "x-vb": {
            "serviceType": "ics"
        }
    },
    "servers": [
        {
            "url": "vb-catalog://backends/ics/ic/api/integration/v1/flows/rest"
        },
        {
            "url": "https://oic02-axzqdffuzuwb-px.integration.ocp.oraclecloud.com:443",
            "x-vb": {
                "authentication": {
                    "authenticated": {
                        "type": "basic",
                        "credentials": "vb_d9384065-d5cc-49eb-920d-902617d526f6"
                    }
                },
                "profiles": [
                    "test_configuration"
                ]
            }
        }
    ],
    "paths": {
        "/FTPOPERATIONS/1.0/file": {
            "post": {
                "tags": [
                    "com.ftp/FTPOPERATIONS|01.00.0000",
                    "com.ftp"
                ],
                "operationId": "WriteFile",
                "parameters": [],
                "requestBody": {
                    "content": {
                        "application/json": {
                            "schema": {
                                "$ref": "#/components/schemas/WriteFile-request-wrapper"
                            }
                        }
                    },
                    "required": false
                },
                "responses": {
                    "500": {
                        "description": "Faults",
                        "content": {
                            "application/json": {
                                "schema": {
                                    "$ref": "#/components/schemas/APIInvocationError"
                                }
                            }
                        }
                    },
                    "default": {
                        "description": "A sample description of the Response",
                        "content": {
                            "application/json": {
                                "schema": {
                                    "$ref": "#/components/schemas/WriteFile-response-wrapper"
                                }
                            }
                        }
                    }
                },
                "security": [
                    {
                        "oauth2Authentication": []
                    }
                ]
            }
        },
        "/FTPOPERATIONS/1.0/file/{file-name}": {
            "get": {
                "tags": [
                    "com.ftp/FTPOPERATIONS|01.00.0000",
                    "com.ftp"
                ],
                "operationId": "ReadFile",
                "parameters": [
                    {
                        "name": "file-name",
                        "in": "path",
                        "required": true,
                        "schema": {
                            "type": "string"
                        }
                    }
                ],
                "responses": {
                    "500": {
                        "description": "Faults",
                        "content": {
                            "application/json": {
                                "schema": {
                                    "$ref": "#/components/schemas/APIInvocationError"
                                }
                            }
                        }
                    },
                    "default": {
                        "description": "A sample description of the Response",
                        "content": {
                            "application/json": {
                                "schema": {
                                    "$ref": "#/components/schemas/ReadFile-response-wrapper"
                                }
                            }
                        }
                    }
                },
                "security": [
                    {
                        "oauth2Authentication": []
                    }
                ]
            }
        },
        "/FTPOPERATIONS/1.0/file/{filename}": {
            "delete": {
                "tags": [
                    "com.ftp/FTPOPERATIONS|01.00.0000",
                    "com.ftp"
                ],
                "operationId": "DeleteFile",
                "parameters": [
                    {
                        "name": "filename",
                        "in": "path",
                        "required": true,
                        "schema": {
                            "type": "string"
                        }
                    }
                ],
                "responses": {
                    "204": {
                        "description": "No content defined for this response"
                    }
                },
                "security": [
                    {
                        "oauth2Authentication": []
                    }
                ]
            }
        },
        "/FTPOPERATIONS/1.0/file/count": {
            "get": {
                "tags": [
                    "com.ftp/FTPOPERATIONS|01.00.0000",
                    "com.ftp"
                ],
                "operationId": "ListFiles",
                "parameters": [],
                "responses": {
                    "500": {
                        "description": "Faults",
                        "content": {
                            "application/json": {
                                "schema": {
                                    "$ref": "#/components/schemas/APIInvocationError"
                                }
                            }
                        }
                    },
                    "default": {
                        "description": "A sample description of the Response",
                        "content": {
                            "application/json": {
                                "schema": {
                                    "$ref": "#/components/schemas/ListFiles-response-wrapper"
                                }
                            }
                        }
                    }
                },
                "security": [
                    {
                        "oauth2Authentication": []
                    }
                ]
            }
        },
        "/GREETING_REST_API/1.0/greet": {
            "get": {
                "tags": [
                    "com.rest/GREETING_REST_API|01.00.0000",
                    "com.rest"
                ],
                "operationId": "getGREETING_REST_API1_0Greet",
                "parameters": [
                    {
                        "name": "name",
                        "in": "query",
                        "required": false,
                        "schema": {
                            "type": "string"
                        }
                    }
                ],
                "responses": {
                    "500": {
                        "description": "Faults",
                        "content": {
                            "application/json": {
                                "schema": {
                                    "$ref": "#/components/schemas/APIInvocationError-2"
                                }
                            }
                        }
                    },
                    "default": {
                        "description": "A sample description of the Response",
                        "content": {
                            "application/json": {
                                "schema": {
                                    "$ref": "#/components/schemas/response-wrapper-1"
                                }
                            }
                        }
                    }
                },
                "security": [
                    {
                        "oauth2Authentication": []
                    }
                ]
            }
        }
    },
    "components": {
        "schemas": {
            "WriteFile-request-wrapper": {
                "type": "array",
                "items": {
                    "type": "object",
                    "properties": {
                        "firstname": {
                            "type": "string"
                        },
                        "lastname": {
                            "type": "string"
                        },
                        "gender": {
                            "type": "string"
                        },
                        "qualification": {
                            "type": "string"
                        },
                        "age": {
                            "type": "number"
                        },
                        "department": {
                            "type": "string"
                        }
                    },
                    "required": [
                        "age",
                        "department",
                        "firstname",
                        "gender",
                        "lastname",
                        "qualification"
                    ]
                },
                "minItems": 1
            },
            "APIInvocationError": {
                "type": "object",
                "required": [
                    "detail",
                    "errorCode",
                    "errorDetails",
                    "title",
                    "type"
                ],
                "properties": {
                    "type": {
                        "type": "string"
                    },
                    "title": {
                        "type": "string"
                    },
                    "detail": {
                        "type": "string"
                    },
                    "errorCode": {
                        "type": "string"
                    },
                    "errorDetails": {
                        "type": "array",
                        "items": {
                            "type": "object",
                            "properties": {
                                "type": {
                                    "type": "string"
                                },
                                "instance": {
                                    "type": "string"
                                },
                                "title": {
                                    "type": "string"
                                },
                                "errorPath": {
                                    "type": "string"
                                },
                                "errorCode": {
                                    "type": "string"
                                }
                            },
                            "required": [
                                "errorCode",
                                "errorPath",
                                "instance",
                                "title",
                                "type"
                            ]
                        },
                        "minItems": 1
                    }
                }
            },
            "WriteFile-response-wrapper": {
                "type": "object",
                "required": [
                    "status"
                ],
                "properties": {
                    "status": {
                        "type": "string"
                    }
                }
            },
            "ReadFile-response-wrapper": {
                "type": "object",
                "required": [
                    "count",
                    "employees",
                    "status"
                ],
                "properties": {
                    "count": {
                        "type": "number"
                    },
                    "status": {
                        "type": "string"
                    },
                    "employees": {
                        "type": "array",
                        "items": {
                            "type": "object",
                            "properties": {
                                "firstname": {
                                    "type": "string"
                                },
                                "lastname": {
                                    "type": "string"
                                },
                                "fullname": {
                                    "type": "string"
                                },
                                "gender": {
                                    "type": "string"
                                },
                                "qualification": {
                                    "type": "string"
                                },
                                "age": {
                                    "type": "number"
                                },
                                "department": {
                                    "type": "string"
                                }
                            },
                            "required": [
                                "age",
                                "department",
                                "firstname",
                                "fullname",
                                "gender",
                                "lastname",
                                "qualification"
                            ]
                        },
                        "minItems": 1
                    }
                }
            },
            "ListFiles-response-wrapper": {
                "type": "object",
                "required": [
                    "totalFiles"
                ],
                "properties": {
                    "totalFiles": {
                        "type": "string"
                    }
                }
            },
            "APIInvocationError-1": {
                "type": "object",
                "required": [
                    "detail",
                    "errorCode",
                    "errorDetails",
                    "title",
                    "type"
                ],
                "properties": {
                    "type": {
                        "type": "string"
                    },
                    "title": {
                        "type": "string"
                    },
                    "detail": {
                        "type": "string"
                    },
                    "errorCode": {
                        "type": "string"
                    },
                    "errorDetails": {
                        "type": "array",
                        "items": {
                            "type": "object",
                            "properties": {
                                "type": {
                                    "type": "string"
                                },
                                "instance": {
                                    "type": "string"
                                },
                                "title": {
                                    "type": "string"
                                },
                                "errorPath": {
                                    "type": "string"
                                },
                                "errorCode": {
                                    "type": "string"
                                }
                            },
                            "required": [
                                "errorCode",
                                "errorPath",
                                "instance",
                                "title",
                                "type"
                            ]
                        },
                        "minItems": 1
                    }
                }
            },
            "response-wrapper": {
                "type": "object",
                "required": [
                    "greeting"
                ],
                "properties": {
                    "greeting": {
                        "type": "string"
                    }
                }
            },
            "APIInvocationError-2": {
                "type": "object",
                "required": [
                    "detail",
                    "errorCode",
                    "errorDetails",
                    "title",
                    "type"
                ],
                "properties": {
                    "type": {
                        "type": "string"
                    },
                    "title": {
                        "type": "string"
                    },
                    "detail": {
                        "type": "string"
                    },
                    "errorCode": {
                        "type": "string"
                    },
                    "errorDetails": {
                        "type": "array",
                        "items": {
                            "type": "object",
                            "properties": {
                                "type": {
                                    "type": "string"
                                },
                                "instance": {
                                    "type": "string"
                                },
                                "title": {
                                    "type": "string"
                                },
                                "errorPath": {
                                    "type": "string"
                                },
                                "errorCode": {
                                    "type": "string"
                                }
                            },
                            "required": [
                                "errorCode",
                                "errorPath",
                                "instance",
                                "title",
                                "type"
                            ]
                        },
                        "minItems": 1
                    }
                }
            },
            "response-wrapper-1": {
                "type": "object",
                "required": [
                    "greeting"
                ],
                "properties": {
                    "greeting": {
                        "type": "string"
                    }
                }
            }
        }
    }
}