{
    "displayLabel": "Countries",
    "fields": [
        {
            "displayLabel": "Id",
            "internal": true,
            "key": true,
            "name": "id",
            "oid": "ac4a30ee-4a98-47d9-a212-f9a2f2769dc5",
            "required": true,
            "type": "number",
            "unique": true
        },
        {
            "displayLabel": "Created",
            "internal": true,
            "name": "creationDate",
            "oid": "15e7378c-dcb1-4fb6-bb36-e12afe678d4e",
            "type": "datetime"
        },
        {
            "displayLabel": "Last Updated",
            "internal": true,
            "name": "lastUpdateDate",
            "oid": "8d39df4f-27ac-4efd-b598-165885e651f9",
            "type": "datetime"
        },
        {
            "displayLabel": "Created By",
            "internal": true,
            "name": "createdBy",
            "oid": "ae208242-9807-49c6-b16b-d1c53a0879fa",
            "type": "string"
        },
        {
            "displayLabel": "Last Updated By",
            "internal": true,
            "name": "lastUpdatedBy",
            "oid": "2df6a75d-849c-49ad-8684-436867ea9bef",
            "type": "string"
        },
        {
            "displayLabel": "<internal>",
            "hidden": true,
            "internal": true,
            "name": "abcsChangeNumber",
            "oid": "3a380c98-e8d9-4da1-8817-d87228261911",
            "type": "number"
        },
        {
            "displayLabel": "Country",
            "name": "country",
            "oid": "28362e64-2b31-4ed0-9c78-a902068b6897",
            "type": "string"
        },
        {
            "displayLabel": "Region",
            "name": "region",
            "oid": "f6872952-b694-4362-b7e4-58c336c9ebd0",
            "type": "string"
        },
        {
            "displayLabel": "Population",
            "name": "population",
            "oid": "c9bed09b-a523-4e79-b7f4-f77cb763d6b4",
            "type": "number"
        },
        {
            "displayLabel": "GDP",
            "name": "gDP",
            "oid": "e01fd66c-f7a2-4fcd-a0d3-970bc7f5f03f",
            "type": "number"
        },
        {
            "displayLabel": "Literacy",
            "name": "literacy",
            "oid": "46ef3d8f-2255-4588-a917-524918370933",
            "type": "number"
        },
        {
            "displayLabel": "Birthrate",
            "name": "birthrate",
            "oid": "4a18ce34-221e-4a81-8468-e7823d527eaf",
            "type": "number"
        },
        {
            "displayLabel": "Deathrate",
            "name": "deathrate",
            "oid": "32eb02b4-1f4f-4d75-abca-c7f322568bcb",
            "type": "number"
        }
    ],
    "name": "Countries",
    "oid": "971f6652-0439-4dee-9bd7-fea4209dbdb5"
}