{
    "fieldValidators": [],
    "objectFunctions": [
        {
            "active": "active",
            "functionBody": "employeeIdObjectAddressOF()",
            "functionName": "AddressOF",
            "lastUpdate": "2020-12-12T14:04:34",
            "oid": "db11bb80-ee9d-4b14-9e59-a05bea1f6fba",
            "returnType": "void",
            "scriptMimeType": "application/x-adf-groovy",
            "visibility": [
                "default"
            ]
        }
      ],
    "objectValidators": [],
    "triggers": [],
    "fieldTriggers": []
}