{
    "fields": [
        {
            "displayLabel": "Id",
            "internal": true,
            "key": true,
            "name": "id",
            "oid": "9c887c71-e8b4-4c50-9c93-813fb6ab86a9",
            "required": true,
            "type": "number",
            "unique": true
        },
        {
            "displayLabel": "Created",
            "internal": true,
            "name": "creationDate",
            "oid": "d4c0f9e3-d4a6-4547-9393-0ea4866ee8e7",
            "type": "datetime"
        },
        {
            "displayLabel": "Last Updated",
            "internal": true,
            "name": "lastUpdateDate",
            "oid": "d1a27b47-7271-436d-8124-77a7ac7127e9",
            "type": "datetime"
        },
        {
            "displayLabel": "Created By",
            "internal": true,
            "name": "createdBy",
            "oid": "96f697d1-8666-46d7-8ac6-f4941b01f1c0",
            "type": "string"
        },
        {
            "displayLabel": "Last Updated By",
            "internal": true,
            "name": "lastUpdatedBy",
            "oid": "02c20226-d487-45d1-88bb-660f13be44b4",
            "type": "string"
        },
        {
            "displayLabel": "<internal>",
            "hidden": true,
            "internal": true,
            "name": "abcsChangeNumber",
            "oid": "81b60fe1-41f2-4a66-a8fe-154065a523f8",
            "type": "number"
        },
        {
            "name": "address1",
            "oid": "dc6c4781-eb7b-4c09-9324-71c2dda612a4",
            "displayLabel": "Address1",
            "type": "string"
        },
        {
            "name": "address2",
            "oid": "32a95637-f7ea-44a0-8887-6833353c6c88",
            "displayLabel": "Address2",
            "type": "string"
        },
        {
            "name": "city",
            "oid": "52a60079-57cf-428e-bb83-1a691252abee",
            "displayLabel": "City",
            "type": "string"
        },
        {
            "name": "country",
            "oid": "6442d31f-e94d-415d-b3ec-2f1be320b237",
            "displayLabel": "Country",
            "type": "string"
        },
        {
            "name": "zipCode",
            "oid": "c28a854d-abc5-4753-80f7-bbde07dff20e",
            "displayLabel": "Zip Code",
            "type": "number"
        },
        {
            "name": "employeeId",
            "oid": "fe6b80e3-2109-47c8-8e41-f4ec8043b0e4",
            "displayLabel": "Employee Id",
            "type": "reference"
        },
        {
            "name": "state",
            "oid": "54901db1-e58e-487d-8011-246cab395fc7",
            "displayLabel": "State",
            "type": "string"
        }
    ],
    "name": "Address",
    "oid": "9a17f400-8501-48c7-b5c5-a11d4e689ffd",
    "displayLabel": "Address",
    "relationships": [
        {
            "name": "employeeIdObject",
            "reverseRelationship": "addressCollection",
            "targetEntity": "Employee",
            "type": "outgoing",
            "exposeAccessor": true,
            "mappingField": "employeeId",
            "deleteRule": "restrict"
        }
    ],
    "objectFunctions": [
        {
            "definition": "employeeIdObjectAddressOF()\n",
            "name": "AddressOF",
            "refId": "db11bb80-ee9d-4b14-9e59-a05bea1f6fba",
            "returnType": "void",
            "visibility": [
                "default"
            ]
        }
    ]
}