{
  "title": "",
  "description": "",
  "variables": {
    "CurrentEditRow": {
      "type": "get_Employee"
    },
    "EmployeeADP": {
      "type": "vb/ArrayDataProvider2",
      "defaultValue": {
        "itemType": "get_Employee",
        "keyAttributes": "id"
      }
    },
    "qualificationListSDP": {
      "type": "vb/ServiceDataProvider",
      "defaultValue": {
        "endpoint": "businessObjects/getall_Qualification",
        "keyAttributes": "qualification",
        "itemsPath": "items",
        "responseType": "page:getallQualificationResponse",
        "transformsContext": {
          "vb-textFilterAttributes": [
            "qualification"
          ]
        }
      }
    }
  },
  "metadata": {},
  "types": {
    "@decorators.get_Employee": {
      "endpoint": "get_Employee",
      "service": "businessObjects",
      "path": "response"
    },
    "@decorators.getallQualificationResponse": {
      "endpoint": "getall_Qualification",
      "service": "businessObjects",
      "path": "response"
    },
    "get_Employee": {
      "age": "number",
      "contactNumber": "string",
      "emailAddress": "string",
      "firstName": "string",
      "fullName": "string",
      "id": "number",
      "lastName": "string",
      "qualification": "string"
    },
    "getallQualificationResponse": {
      "items": [
        {
          "qualification": "string"
        }
      ]
    }
  },
  "chains": {
    "ButtonActionChain": {
      "description": "",
      "root": "forEachEmployeeADP",
      "actions": {
        "forEachEmployeeADP": {
          "module": "vb/action/builtin/forEachAction",
          "parameters": {
            "items": "{{ $page.variables.EmployeeADP.data }}",
            "actionId": "callRestEndpointUpdateEmployee"
          },
          "outcomes": {
            "success": "fireNotification2"
          }
        },
        "fireNotification": {
          "module": "vb/action/builtin/fireNotificationEventAction",
          "parameters": {
            "target": "leaf",
            "summary": "[[ $chain.results.callRestEndpointUpdateEmployee.message.summary ]]",
            "type": "error",
            "displayMode": "persist"
          }
        },
        "fireNotification2": {
          "module": "vb/action/builtin/fireNotificationEventAction",
          "parameters": {
            "target": "leaf",
            "summary": "Records have been modified",
            "type": "confirmation",
            "displayMode": "transient"
          }
        },
        "callRestEndpointUpdateEmployee": {
          "module": "vb/action/builtin/restAction",
          "parameters": {
            "endpoint": "businessObjects/update_Employee",
            "uriParams": {
              "Employee_Id": "{{ $page.variables.EmployeeADP.data[$current.index].id }}"
            },
            "body": "{{ $page.variables.EmployeeADP.data[$current.index] }}"
          },
          "outcomes": {
            "failure": "fireNotification"
          }
        }
      },
      "variables": {
        "detail": {
          "required": true,
          "type": "any",
          "input": "fromCaller"
        }
      }
    },
    "loadEmployeeData": {
      "root": "callRestGetallEmployee",
      "description": "",
      "variables": {},
      "actions": {
        "fireNotification": {
          "module": "vb/action/builtin/fireNotificationEventAction",
          "parameters": {
            "target": "leaf",
            "summary": "[[ $chain.results.callRestGetallEmployee.message.summary ]]",
            "type": "error",
            "displayMode": "persist"
          }
        },
        "callRestGetallEmployee": {
          "module": "vb/action/builtin/restAction",
          "parameters": {
            "endpoint": "businessObjects/getall_Employee"
          },
          "outcomes": {
            "failure": "fireNotification",
            "success": "assignVariablesEmployeeData"
          }
        },
        "assignVariablesEmployeeData": {
          "module": "vb/action/builtin/assignVariablesAction",
          "parameters": {
            "$page.variables.EmployeeADP": {
              "source": {
                "data": "{{ $chain.results.callRestGetallEmployee.body.items }}"
              },
              "reset": "none",
              "auto": "always"
            }
          }
        }
      }
    },
    "TableBeforeRowEditChain": {
      "description": "",
      "root": "assignVariables",
      "actions": {
        "assignVariables": {
          "module": "vb/action/builtin/assignVariablesAction",
          "parameters": {
            "$page.variables.CurrentEditRow": {
              "source": "{{ $variables.rowData }}",
              "auto": "always"
            }
          }
        }
      },
      "variables": {
        "rowKey": {
          "required": true,
          "type": "any",
          "input": "fromCaller"
        },
        "rowIndex": {
          "required": true,
          "type": "number",
          "input": "fromCaller"
        },
        "rowData": {
          "required": true,
          "type": "any",
          "input": "fromCaller"
        }
      }
    },
    "TableBeforeRowEditEndChain": {
      "description": "",
      "root": "fireDataProviderEvent",
      "actions": {
        "fireDataProviderEvent": {
          "module": "vb/action/builtin/fireDataProviderEventAction",
          "parameters": {
            "target": "[[ $page.variables.EmployeeADP ]]",
            "update": {
              "data": "{{ $page.variables.CurrentEditRow }}"
            }
          }
        }
      },
      "variables": {
        "cancelEdit": {
          "required": true,
          "type": "any",
          "input": "fromCaller"
        },
        "rowKey": {
          "required": true,
          "type": "any",
          "input": "fromCaller"
        },
        "rowIndex": {
          "required": true,
          "type": "number",
          "input": "fromCaller"
        },
        "rowData": {
          "required": true,
          "type": "any",
          "input": "fromCaller"
        }
      }
    }
  },
  "eventListeners": {
    "ojButtonOjAction": {
      "chains": [
        {
          "chainId": "ButtonActionChain",
          "parameters": {
            "detail": "{{ $event.detail }}"
          }
        }
      ]
    },
    "ojTableOjBeforeRowEdit": {
      "chains": [
        {
          "chainId": "TableBeforeRowEditChain",
          "parameters": {
            "rowKey": "{{$event.detail.rowContext.status.rowKey}}",
            "rowIndex": "{{$event.detail.rowContext.status.rowIndex}}",
            "rowData": "{{$event.detail.rowContext.componentElement.getDataForVisibleRow($event.detail.rowContext.status.rowIndex).data}}"
          }
        }
      ]
    },
    "ojTableOjBeforeRowEditEnd": {
      "chains": [
        {
          "chainId": "TableBeforeRowEditEndChain",
          "parameters": {
            "cancelEdit": "{{$event.detail.cancelEdit}}",
            "rowKey": "{{$event.detail.rowContext.status.rowKey}}",
            "rowIndex": "{{$event.detail.rowContext.status.rowIndex}}",
            "rowData": "{{$event.detail.rowContext.componentElement.getDataForVisibleRow($event.detail.rowContext.status.rowIndex).data}}"
          }
        }
      ]
    },
    "vbEnter": {
      "chains": [
        {
          "chainId": "loadEmployeeData",
          "parameters": {}
        }
      ]
    }
  },
  "imports": {
    "components": {
      "oj-button": {
        "path": "ojs/ojbutton"
      },
      "oj-input-number": {
        "path": "ojs/ojinputnumber"
      },
      "oj-input-text": {
        "path": "ojs/ojinputtext"
      },
      "oj-select-single": {
        "path": "ojs/ojselectsingle"
      },
      "oj-table": {
        "path": "ojs/ojtable"
      }
    }
  }
}