{
    "fieldValidators": [],
    "objectFunctions": [],
    "objectValidators": [
        {
            "active": "active",
            "displayName": "Amount validator",
            "errorMessage": "The amount must be between 1 to 500",
            "functionBody": "amount > 0 && amount <=500",
            "lastUpdate": "2021-02-24T15:33:07",
            "oid": "2e929dce-31de-4035-8564-4798cdcb8b4a",
            "scriptMimeType": "application/x-adf-groovy"
        }
      ],
    "triggers": [],
    "fieldTriggers": []
}