{
    "openapi": "3.0.0",
    "info": {
        "version": "v01",
        "title": "APIFORVBCS",
        "x-vb": {
            "serviceType": "ics"
        }
    },
    "servers": [
        {
            "url": "vb-catalog://backends/ics/ic/api/integration/v1/flows/rest"
        },
        {
            "url": "https://prodoic-idpwdmf0ivaf-ia.integration.ocp.oraclecloud.com:443",
            "x-vb": {
                "authentication": {
                    "authenticated": {
                        "type": "basic",
                        "credentials": "vb_76cbcb99-69b3-4b11-a313-182acb17c99a"
                    }
                },
                "profiles": [
                    "prod_configuration"
                ]
            }
        }
    ],
    "paths": {
        "/APIFORVBCS/1.0/post": {
            "post": {
                "tags": [
                    "com.vbcs/APIFORVBCS|01.00.0000",
                    "com.vbcs"
                ],
                "operationId": "postAPIFORVBCS1_0Post",
                "parameters": [],
                "requestBody": {
                    "content": {
                        "application/json": {
                            "schema": {
                                "$ref": "#/components/schemas/request-wrapper"
                            }
                        }
                    },
                    "required": false
                },
                "responses": {
                    "500": {
                        "description": "Faults",
                        "content": {
                            "application/json": {
                                "schema": {
                                    "$ref": "#/components/schemas/APIInvocationError"
                                }
                            }
                        }
                    },
                    "default": {
                        "description": "A sample description of the Response",
                        "content": {
                            "application/json": {
                                "schema": {
                                    "$ref": "#/components/schemas/response-wrapper"
                                }
                            }
                        }
                    }
                },
                "security": [
                    {
                        "oauth2Authentication": []
                    }
                ]
            }
        },
        "/EMPPUBLISHER_LEARNING/1.0/publishemp": {
            "post": {
                "tags": [
                    "com.usecase.empsynch/EMPPUBLISHER_LEARNING|01.00.0000",
                    "com.usecase.empsynch"
                ],
                "operationId": "postEMPPUBLISHER_LEARNING1_0Publishemp",
                "parameters": [],
                "requestBody": {
                    "content": {
                        "application/json": {
                            "schema": {
                                "$ref": "#/components/schemas/request-wrapper-2"
                            }
                        }
                    },
                    "required": false
                },
                "responses": {
                    "204": {
                        "description": "No content defined for this response"
                    }
                },
                "security": [
                    {
                        "oauth2Authentication": []
                    }
                ]
            }
        }
    },
    "components": {
        "schemas": {
            "request-wrapper": {
                "type": "object",
                "required": [
                    "FirstName",
                    "LastName",
                    "Qualification"
                ],
                "properties": {
                    "FirstName": {
                        "type": "string"
                    },
                    "LastName": {
                        "type": "string"
                    },
                    "Qualification": {
                        "type": "string"
                    }
                }
            },
            "APIInvocationError": {
                "type": "object",
                "required": [
                    "detail",
                    "errorCode",
                    "errorDetails",
                    "title",
                    "type"
                ],
                "properties": {
                    "type": {
                        "type": "string"
                    },
                    "title": {
                        "type": "string"
                    },
                    "detail": {
                        "type": "string"
                    },
                    "errorCode": {
                        "type": "string"
                    },
                    "errorDetails": {
                        "type": "array",
                        "items": {
                            "type": "object",
                            "properties": {
                                "type": {
                                    "type": "string"
                                },
                                "instance": {
                                    "type": "string"
                                },
                                "title": {
                                    "type": "string"
                                },
                                "errorPath": {
                                    "type": "string"
                                },
                                "errorCode": {
                                    "type": "string"
                                }
                            },
                            "required": [
                                "errorCode",
                                "errorPath",
                                "instance",
                                "title",
                                "type"
                            ]
                        },
                        "minItems": 1
                    }
                }
            },
            "response-wrapper": {
                "type": "object",
                "required": [
                    "status"
                ],
                "properties": {
                    "status": {
                        "type": "string"
                    }
                }
            },
            "request-wrapper-1": {
                "type": "object",
                "required": [
                    "Age",
                    "CreatedAt",
                    "DateOfJoining",
                    "Department",
                    "EmailAddress",
                    "EmployeeID",
                    "FirstName",
                    "ISActive",
                    "Id",
                    "LastName",
                    "UpdatedAt"
                ],
                "properties": {
                    "Id": {
                        "type": "number"
                    },
                    "FirstName": {
                        "type": "string"
                    },
                    "LastName": {
                        "type": "string"
                    },
                    "Age": {
                        "type": "string"
                    },
                    "EmployeeID": {
                        "type": "string"
                    },
                    "DateOfJoining": {
                        "type": "string"
                    },
                    "EmailAddress": {
                        "type": "string"
                    },
                    "ISActive": {
                        "type": "string"
                    },
                    "Department": {
                        "type": "string"
                    },
                    "CreatedAt": {
                        "type": "string"
                    },
                    "UpdatedAt": {
                        "type": "string"
                    }
                }
            },
            "request-wrapper-2": {
                "type": "object",
                "required": [
                    "Age",
                    "CreatedAt",
                    "DateOfJoining",
                    "Department",
                    "EmailAddress",
                    "EmployeeID",
                    "FirstName",
                    "ISActive",
                    "Id",
                    "LastName",
                    "UpdatedAt"
                ],
                "properties": {
                    "Id": {
                        "type": "number"
                    },
                    "FirstName": {
                        "type": "string"
                    },
                    "LastName": {
                        "type": "string"
                    },
                    "Age": {
                        "type": "string"
                    },
                    "EmployeeID": {
                        "type": "string"
                    },
                    "DateOfJoining": {
                        "type": "string"
                    },
                    "EmailAddress": {
                        "type": "string"
                    },
                    "ISActive": {
                        "type": "string"
                    },
                    "Department": {
                        "type": "string"
                    },
                    "CreatedAt": {
                        "type": "string"
                    },
                    "UpdatedAt": {
                        "type": "string"
                    }
                }
            }
        }
    }
}