{
    "fields": [
        {
            "displayLabel": "Id",
            "internal": true,
            "key": true,
            "name": "id",
            "oid": "5711aed9-9fb7-4eb9-a052-6dc0a2413c5a",
            "required": true,
            "type": "number",
            "unique": true
        },
        {
            "displayLabel": "Created",
            "internal": true,
            "name": "creationDate",
            "oid": "2e9024b8-8e36-41c7-a072-b544f49a42a5",
            "type": "datetime"
        },
        {
            "displayLabel": "Last Updated",
            "internal": true,
            "name": "lastUpdateDate",
            "oid": "acf5cca5-e4d9-43af-a95e-00a8dd3b84b0",
            "type": "datetime"
        },
        {
            "displayLabel": "Created By",
            "internal": true,
            "name": "createdBy",
            "oid": "3491deb8-a3e2-4c7f-b533-2c215f6f3da1",
            "type": "string"
        },
        {
            "displayLabel": "Last Updated By",
            "internal": true,
            "name": "lastUpdatedBy",
            "oid": "b40a7763-773c-4128-bfc9-a72d58012437",
            "type": "string"
        },
        {
            "displayLabel": "<internal>",
            "hidden": true,
            "internal": true,
            "name": "abcsChangeNumber",
            "oid": "5d65fc23-7c2d-4814-b50e-c02e90b08262",
            "type": "number"
        },
        {
            "name": "firstName",
            "oid": "147cc074-b82b-4ef4-8d2c-99c7283fb3a7",
            "displayLabel": "First Name",
            "type": "string"
        },
        {
            "name": "lastName",
            "oid": "0ca56372-b430-435d-8545-168ce24007a0",
            "displayLabel": "Last Name",
            "type": "string"
        },
        {
            "formula": {
                "server": {
                    "type": "groovy",
                    "value": "firstName+' '+lastName"
                }
            },
            "name": "fullName",
            "oid": "196151be-6080-4c0e-9c2b-c27ee6f04503",
            "updatable": false,
            "displayLabel": "Full Name",
            "type": "string"
        },
        {
            "name": "age",
            "oid": "75ce1f66-a665-4b51-a96d-59c2b0b08ccb",
            "displayLabel": "Age",
            "type": "number"
        },
        {
            "name": "emailAddress",
            "format": "email",
            "oid": "a55cee6d-5d99-4da5-a507-ea7a981b7013",
            "displayLabel": "Email Address",
            "type": "string"
        },
        {
            "name": "qualification",
            "oid": "47465626-3423-4f42-9484-fb2eae985c3b",
            "displayLabel": "Qualification",
            "type": "string"
        },
        {
            "name": "contactNumber",
            "oid": "322130e7-9b44-44a3-945f-a4ee3e7b39d2",
            "displayLabel": "Contact Number",
            "type": "string"
        }
    ],
    "name": "Employee",
    "oid": "fe725078-8844-4ab0-98d5-b50464789486",
    "displayLabel": "Employee",
    "relationships": [
        {
            "name": "addressCollection",
            "reverseRelationship": "employeeIdObject",
            "targetEntity": "Address",
            "type": "incoming",
            "exposeAccessor": false,
            "displayField": "id"
        },
        {
            "name": "expenseCollection",
            "reverseRelationship": "employeeIdObject",
            "targetEntity": "Expense",
            "type": "incoming",
            "exposeAccessor": false,
            "displayField": "id"
        },
        {
            "displayField": "contactNumber",
            "exposeAccessor": false,
            "mappingField": "id",
            "name": "inventoryDetailsCollection",
            "reverseRelationship": "employeeId2",
            "targetEntity": "InventoryDetails",
            "type": "incoming"
        }
    ],
    "triggers": [
        {
            "definition": "// Trigger Beginning \nprintln 'Trigger started: SendEmail, business object: Employee, event: BeforeInsert';\n\ntry {\n\n  // Always Execute Criterion (Always Execute)\n  alwaysExecuteCriterion_1: {\n    // Action Group (Action Group)\n    eMailNotification_1: {\n      def variables = [:];\n      variables[\"Parameter1\"] = String.valueOf(firstName);\n      Email.send(String.valueOf({ emailAddress }()), \"nobody@oracle.com\", \"Employee Created Successfully\", \"<p>Hi&nbsp;[[Parameter1]],</p><p>Congratulations, you are onboarded successfully.</p><p>Regards,</p><p>Team</p>\", variables);\n    };\n  }\n\n} finally {\n\n  // Trigger End \n  println 'Trigger ended: SendEmail';\n\n}",
            "displayName": "SendEmail",
            "name": "BeforeInsert_Rule_0",
            "refId": "c5fcbed0-b3de-4d70-9cb1-574eb1f8c266",
            "type": "BeforeInsert"
        }
    ],
    "objectFunctions": [
        {
            "definition": "def vo = newView('Employee');\r\nvo.appendViewCriteria(\"firstName ='\"+name+\"'\");\r\nvo.executeQuery();\r\n    def totalUsers = 0\r\n    while (vo.hasNext()) {\r\n        vo.next()\r\n        totalUsers = totalUsers + 1\r\n    }   \r\n  return totalUsers;\r\n",
            "name": "TotalUsers",
            "refId": "10cfb598-46da-474f-8d5a-c791b337a607",
            "parameters": [
                {
                    "name": "name",
                    "type": "String"
                }
            ],
            "returnType": "Long",
            "visibility": [
                "external"
            ]
        }
    ],
    "validators": [
        {
            "definition": "newValue>=18\n",
            "displayName": "Age Validator",
            "errorMessage": "Age must be greater or equal to 18",
            "name": "age_Validation_Rule_0",
            "refId": "08174bdd-c486-49d5-9135-0aa0632750c4",
            "onProperty": "age"
        }
    ]
}