{
  "title": "",
  "description": "",
  "variables": {
    "number1": {
      "type": "number"
    },
    "number2": {
      "type": "number"
    },
    "result": {
      "type": "number"
    }
  },
  "metadata": {},
  "types": {},
  "chains": {
    "ButtonActionChain": {
      "description": "",
      "root": "callModuleFunctionCalculate",
      "actions": {
        "callModuleFunctionCalculate": {
          "module": "vb/action/builtin/callModuleFunctionAction",
          "parameters": {
            "module": "[[ $functions ]]",
            "functionName": "calculate",
            "params": [
              "{{ $page.variables.number1 }}",
              "{{ $page.variables.number2 }}",
              "{{ $variables.operation }}"
            ]
          },
          "outcomes": {
            "success": "assignVariables"
          }
        },
        "assignVariables": {
          "module": "vb/action/builtin/assignVariablesAction",
          "parameters": {
            "$page.variables.result": {
              "source": "{{ $chain.results.callModuleFunctionCalculate }}"
            }
          }
        }
      },
      "variables": {
        "detail": {
          "required": true,
          "type": "any",
          "input": "fromCaller"
        },
        "operation": {
          "type": "string",
          "input": "fromCaller"
        }
      }
    }
  },
  "eventListeners": {
    "ojButtonOjAction": {
      "chains": [
        {
          "chainId": "ButtonActionChain",
          "parameters": {
            "detail": "{{ $event.detail }}",
            "operation": "add"
          }
        }
      ]
    },
    "ojButtonOjAction2": {
      "chains": [
        {
          "chainId": "ButtonActionChain",
          "parameters": {
            "operation": "sub"
          }
        }
      ]
    },
    "ojButtonOjAction3": {
      "chains": [
        {
          "chainId": "ButtonActionChain",
          "parameters": {
            "operation": "mul"
          }
        }
      ]
    },
    "ojButtonOjAction4": {
      "chains": [
        {
          "chainId": "ButtonActionChain",
          "parameters": {
            "operation": "div"
          }
        }
      ]
    }
  },
  "imports": {
    "components": {
      "oj-button": {
        "path": "ojs/ojbutton"
      },
      "oj-input-number": {
        "path": "ojs/ojinputnumber"
      }
    }
  }
}