{
  "title": "",
  "description": "",
  "variables": {
    "amount": {
      "type": "number"
    },
    "firstName": {
      "type": "string"
    },
    "lastName": {
      "type": "string"
    },
    "travelEndDate": {
      "type": "string"
    },
    "travelReason": {
      "type": "string"
    },
    "travelStartDate": {
      "type": "string"
    }
  },
  "metadata": {},
  "types": {},
  "chains": {
    "ButtonActionChain": {
      "description": "",
      "root": "startTravelProcess",
      "actions": {
        "fireNotification": {
          "module": "vb/action/builtin/fireNotificationEventAction",
          "parameters": {
            "target": "leaf",
            "summary": "[[ $chain.results.startTravelProcess.message.summary ]]",
            "type": "error",
            "displayMode": "persist"
          }
        },
        "startTravelProcess": {
          "module": "vb/extensions/process/action/builtin/startProcessAction",
          "parameters": {
            "alias": "TravelReimbursement",
            "interfaceId": "f@submitRequest",
            "arguments": {
              "travelEndDate": "{{ $page.variables.travelEndDate }}",
              "firstName": "{{ $page.variables.firstName }}",
              "lastName": "{{ $page.variables.lastName }}",
              "amount": "{{ $page.variables.amount }}",
              "emailAddress": "{{ $application.user.email }}",
              "travelStartDate": "{{ $page.variables.travelStartDate }}",
              "travelReason": "{{ $page.variables.travelReason }}"
            }
          },
          "outcomes": {
            "failure": "fireNotification",
            "success": "fireNotification2"
          }
        },
        "fireNotification2": {
          "module": "vb/action/builtin/fireNotificationEventAction",
          "parameters": {
            "target": "leaf",
            "summary": "[[\"You are request has been initiated with process id \" + $chain.results. startTravelProcess.content.id ]]",
            "displayMode": "transient",
            "type": "confirmation"
          }
        }
      },
      "variables": {
        "detail": {
          "required": true,
          "type": "any",
          "input": "fromCaller"
        }
      }
    }
  },
  "eventListeners": {
    "ojButtonOjAction": {
      "chains": [
        {
          "chainId": "ButtonActionChain",
          "parameters": {
            "detail": "{{ $event.detail }}"
          }
        }
      ]
    }
  },
  "imports": {
    "components": {
      "oj-button": {
        "path": "ojs/ojbutton"
      },
      "oj-form-layout": {
        "path": "ojs/ojformlayout"
      },
      "oj-input-date": {
        "path": "ojs/ojdatetimepicker"
      },
      "oj-input-number": {
        "path": "ojs/ojinputnumber"
      },
      "oj-input-text": {
        "path": "ojs/ojinputtext"
      }
    }
  }
}