{
  "title": "Create Employee",
  "description": "Creates new Employee",
  "variables": {
    "createEmployeeChainInProgress": {
      "type": "boolean",
      "defaultValue": false
    },
    "employee": {
      "type": "page:createEmployeeRequest"
    }
  },
  "metadata": {},
  "types": {
    "@decorators.createEmployeeRequest": {
      "endpoint": "create_Employee",
      "service": "businessObjects",
      "path": "request"
    },
    "businessObjectsServiceErrorResponseType": {
      "body": {
        "status": "string",
        "title": "string",
        "o:errorDetails": [
          {
            "detail": "string",
            "o:errorCode": "string"
          }
        ]
      },
      "status": "number"
    },
    "createEmployeeRequest": {
      "age": "number",
      "emailAddress": "string",
      "firstName": "string",
      "lastName": "string",
      "qualification": "string"
    }
  },
  "chains": {
    "createEmployeeChain": {
      "root": "markCreateStarted",
      "variables": {
        "saveFailureResult": {
          "type": "page:businessObjectsServiceErrorResponseType"
        },
        "errorMessage": {
          "type": "string"
        }
      },
      "actions": {
        "markCreateStarted": {
          "module": "vb/action/builtin/assignVariablesAction",
          "parameters": {
            "$page.variables.createEmployeeChainInProgress": {
              "source": true
            }
          },
          "outcomes": {
            "success": "validateEmployee"
          },
          "description": "Sets the progress variable to true",
          "label": "Mark Create in progress"
        },
        "validateEmployee": {
          "module": "vb/action/builtin/callChainAction",
          "parameters": {
            "id": "flow:validateFormChain",
            "params": {
              "validationGroupId": "validation-group"
            }
          },
          "outcomes": {
            "success": "isFormValid"
          },
          "label": "Validate",
          "description": "Validates Employee form"
        },
        "isFormValid": {
          "module": "vb/action/builtin/ifAction",
          "parameters": {
            "condition": "[[ $chain.results.validateEmployee === true ]]"
          },
          "outcomes": {
            "true": "createEmployee",
            "false": "markCreateEnded"
          },
          "label": "Is Form valid",
          "description": "Tests if form passed validation"
        },
        "createEmployee": {
          "module": "vb/action/builtin/restAction",
          "parameters": {
            "endpoint": "businessObjects/create_Employee",
            "body": "[[ $page.variables.employee ]]"
          },
          "outcomes": {
            "success": "fireSuccessNotification",
            "failure": "assignFailureResult"
          }
        },
        "fireSuccessNotification": {
          "module": "vb/action/builtin/fireNotificationEventAction",
          "parameters": {
            "summary": "Employee saved",
            "message": "Employee record successfully created",
            "type": "confirmation",
            "displayMode": "transient"
          },
          "outcomes": {
            "success": "navigateBack"
          }
        },
        "navigateBack": {
          "module": "vb/action/builtin/navigateBackAction",
          "outcomes": {
            "success": "markCreateEnded"
          }
        },
        "assignFailureResult": {
          "module": "vb/action/builtin/assignVariablesAction",
          "parameters": {
            "$chain.variables.saveFailureResult": {
              "source": "[[ $chain.results.createEmployee.payload ]]"
            }
          },
          "outcomes": {
            "success": "testFailureDetails"
          }
        },
        "testFailureDetails": {
          "module": "vb/action/builtin/ifAction",
          "outcomes": {
            "true": "handleDetailedErrorMessage",
            "false": "handleDefaultErrorMessage"
          },
          "parameters": {
            "condition": "[[ $chain.variables.saveFailureResult.body['o:errorDetails'][0] ]]"
          }
        },
        "handleDetailedErrorMessage": {
          "module": "vb/action/builtin/assignVariablesAction",
          "outcomes": {
            "success": "fireErrorNotification"
          },
          "parameters": {
            "$chain.variables.errorMessage": {
              "source": "[[ $chain.variables.saveFailureResult.body['o:errorDetails'][0].detail ]]"
            }
          }
        },
        "handleDefaultErrorMessage": {
          "module": "vb/action/builtin/assignVariablesAction",
          "outcomes": {
            "success": "fireErrorNotification"
          },
          "parameters": {
            "$chain.variables.errorMessage": {
              "source": "[[ 'Could not create new Employee: status ' + $chain.variables.saveFailureResult.status ]]"
            }
          }
        },
        "fireErrorNotification": {
          "module": "vb/action/builtin/fireNotificationEventAction",
          "parameters": {
            "summary": "Save failed",
            "message": "[[ $chain.variables.errorMessage ]]",
            "type": "error",
            "displayMode": "persist"
          },
          "outcomes": {
            "success": "markCreateEnded"
          }
        },
        "markCreateEnded": {
          "module": "vb/action/builtin/assignVariablesAction",
          "parameters": {
            "$page.variables.createEmployeeChainInProgress": {
              "source": false
            }
          },
          "description": "Sets the progress variable to false",
          "label": "Mark Create done"
        }
      }
    },
    "goBackChain": {
      "root": "navigateBack",
      "actions": {
        "navigateBack": {
          "module": "vb/action/builtin/navigateBackAction"
        }
      }
    }
  },
  "eventListeners": {
    "backButtonClicked": {
      "chains": [
        {
          "chainId": "goBackChain"
        }
      ]
    },
    "saveButtonClicked": {
      "chains": [
        {
          "chainId": "createEmployeeChain"
        }
      ]
    }
  },
  "imports": {
    "components": {
      "oj-button": {
        "path": "ojs/ojbutton"
      },
      "oj-form-layout": {
        "path": "ojs/ojformlayout"
      },
      "oj-input-number": {
        "path": "ojs/ojinputnumber"
      },
      "oj-input-text": {
        "path": "ojs/ojinputtext"
      },
      "oj-toolbar": {
        "path": "ojs/ojtoolbar"
      },
      "oj-validation-group": {
        "path": "ojs/ojvalidationgroup"
      }
    }
  }
}