{
  "pageModelVersion": "2010.0.0",
  "title": "",
  "description": "",
  "variables": {},
  "metadata": {},
  "types": {},
  "chains": {
    "HyperlinkClickChain": {
      "description": "",
      "root": "navigateBack1",
      "actions": {
        "navigateBack1": {
          "module": "vb/action/builtin/navigateBackAction"
        }
      },
      "variables": {
        "detail": {
          "required": true,
          "type": "any",
          "input": "fromCaller"
        }
      }
    }
  },
  "eventListeners": {
    "aClick": {
      "chains": [
        {
          "chainId": "HyperlinkClickChain",
          "parameters": {
            "detail": "{{ $event.detail }}"
          }
        }
      ]
    }
  },
  "imports": {}
}