{
    "openapi": "3.0.0",
    "info": {
        "title": "Ic Api Process V1",
        "version": "1.0.0"
    },
    "servers": [
        {
            "url": "https://oic03-axzqdffuzuwb-px.integration.ocp.oraclecloud.com/ic/api/process/v1",
            "description": "Ic Api Process V1",
            "x-vb": {
                "authentication": {
                    "authenticated": {
                        "type": "basic",
                        "credentials": "vb_741f4489-f7f8-4e22-b612-eaae31687443"
                    }
                }
            }
        }
    ],
    "paths": {
        "/processes/{processId}/dataobjects": {
            "get": {
                "operationId": "getProcessesProcessIdDataobjects",
                "parameters": [
                    {
                        "name": "processId",
                        "in": "path",
                        "required": true,
                        "schema": {
                            "type": "string"
                        }
                    }
                ],
                "responses": {
                    "default": {
                        "description": "Response for default",
                        "content": {
                            "application/json": {
                                "schema": {
                                    "$ref": "#/components/schemas/GetProcessesProcessIdDataobjects"
                                },
                                "examples": {
                                    "vb": {
                                        "summary": "Example stored by VB User",
                                        "externalValue": "./examples/getProcessesProcessIdDataobjects/response_default_application_json_vb.json"
                                    }
                                }
                            }
                        }
                    }
                },
                "x-vb": {
                    "actionHint": "getMany"
                }
            }
        }
    },
    "components": {
        "schemas": {
            "GetProcessesProcessIdDataobjects": {
                "type": "object",
                "properties": {
                    "levels": {
                        "type": "integer"
                    },
                    "dataVariableFlatTree": {
                        "type": "array",
                        "items": {
                            "type": "object",
                            "properties": {
                                "levels": {
                                    "type": "integer"
                                },
                                "editable": {
                                    "type": "boolean"
                                },
                                "name": {
                                    "type": "string"
                                },
                                "nodeType": {
                                    "type": "string"
                                },
                                "scope": {
                                    "type": "string"
                                },
                                "value": {
                                    "type": "string"
                                }
                            }
                        }
                    },
                    "links": {
                        "type": "array",
                        "items": {
                            "type": "object",
                            "properties": {
                                "length": {
                                    "type": "integer"
                                },
                                "rel": {
                                    "type": "string"
                                },
                                "href": {
                                    "type": "string"
                                }
                            }
                        }
                    }
                }
            }
        }
    }
}