id,creationDate,lastUpdateDate,createdBy,lastUpdatedBy,firstName,lastName,age,emailAddress,qualification,contactNumber
6,2021-02-24T16:01:52,2021-02-27T10:42:02,ankur.jain1@techsupper.com,ankur.jain1@techsupper.com,Ankur,Gupta,31.0,ankurjain.jain26@gmail.com,MBA,9999999999
7,2021-02-24T16:01:52,2021-02-24T16:01:52,ankur.jain1@techsupper.com,ankur.jain1@techsupper.com,Amit,Jain,18.0,ankur.jain@techsupper.com,BTech,9090909090
8,2021-02-24T16:01:52,2021-02-24T16:01:52,ankur.jain1@techsupper.com,ankur.jain1@techsupper.com,Andrew,Smith,34.0,ankurjain.jain26@gmail.com,BBA,9876543212
9,2021-02-24T16:01:52,2021-02-24T16:01:52,ankur.jain1@techsupper.com,ankur.jain1@techsupper.com,Ankur,Jain,21.0,ankusar@yahoo.com,MTech,1234567891
10,2021-02-24T16:01:52,2021-02-24T16:01:52,ankur.jain1@techsupper.com,ankur.jain1@techsupper.com,Gyial,Hasan,54.0,gyial@test_test.com,BBA,9897654322
16,2021-02-27T09:26:51,2021-02-27T09:27:08.9,ankur.jain1@techsupper.com,ankur.jain1@techsupper.com,Nish,Kumar,32.0,nish123@yahoo.com,MCA,9090876540
