{
    "openapi": "3.0.0",
    "info": {
        "title": "nocodeapi",
        "version": "1.0.0"
    },
    "servers": [
        {
            "url": "https://v1.nocodeapi.com/ankurjain1",
            "description": "Ankurjain1"
        }
    ],
    "paths": {
        "/cx/{key}/rates": {
            "get": {
                "operationId": "getCxKeyRates",
                "parameters": [
                    {
                        "name": "key",
                        "in": "path",
                        "required": true,
                        "schema": {
                            "type": "string"
                        }
                    }
                ],
                "responses": {
                    "default": {
                        "description": "Response for default",
                        "content": {
                            "application/json": {
                                "schema": {
                                    "$ref": "#/components/schemas/GetCxKeyRates"
                                },
                                "examples": {
                                    "vb": {
                                        "summary": "Example stored by VB User",
                                        "externalValue": "./examples/getCxKeyRates/response_default_application_json_vb.json"
                                    }
                                }
                            }
                        }
                    }
                },
                "x-vb": {
                    "actionHint": "getMany"
                }
            }
        }
    },
    "components": {
        "schemas": {
            "GetCxKeyRates": {
                "type": "object",
                "properties": {
                    "timestamp": {
                        "type": "integer"
                    },
                    "source": {
                        "type": "string"
                    },
                    "date": {
                        "type": "string"
                    },
                    "rates": {
                        "type": "object",
                        "properties": {
                            "AED": {
                                "type": "number"
                            },
                            "AFN": {
                                "type": "number"
                            },
                            "ALL": {
                                "type": "number"
                            },
                            "AMD": {
                                "type": "number"
                            },
                            "ANG": {
                                "type": "number"
                            },
                            "AOA": {
                                "type": "number"
                            },
                            "ARS": {
                                "type": "number"
                            },
                            "AUD": {
                                "type": "number"
                            },
                            "AWG": {
                                "type": "number"
                            },
                            "AZN": {
                                "type": "number"
                            },
                            "BAM": {
                                "type": "number"
                            },
                            "BBD": {
                                "type": "number"
                            },
                            "BDT": {
                                "type": "number"
                            },
                            "BGN": {
                                "type": "number"
                            },
                            "BHD": {
                                "type": "number"
                            },
                            "BIF": {
                                "type": "number"
                            },
                            "BMD": {
                                "type": "integer"
                            },
                            "BND": {
                                "type": "number"
                            },
                            "BOB": {
                                "type": "number"
                            },
                            "BRL": {
                                "type": "number"
                            },
                            "BSD": {
                                "type": "number"
                            },
                            "BTN": {
                                "type": "number"
                            },
                            "BWP": {
                                "type": "number"
                            },
                            "BYN": {
                                "type": "number"
                            },
                            "BZD": {
                                "type": "number"
                            },
                            "CAD": {
                                "type": "number"
                            },
                            "CDF": {
                                "type": "number"
                            },
                            "CHF": {
                                "type": "number"
                            },
                            "CLP": {
                                "type": "number"
                            },
                            "CNY": {
                                "type": "number"
                            },
                            "COP": {
                                "type": "number"
                            },
                            "CRC": {
                                "type": "number"
                            },
                            "CUP": {
                                "type": "number"
                            },
                            "CVE": {
                                "type": "number"
                            },
                            "CZK": {
                                "type": "number"
                            },
                            "DJF": {
                                "type": "number"
                            },
                            "DKK": {
                                "type": "number"
                            },
                            "DOP": {
                                "type": "number"
                            },
                            "DZD": {
                                "type": "number"
                            },
                            "EGP": {
                                "type": "number"
                            },
                            "ETB": {
                                "type": "number"
                            },
                            "EUR": {
                                "type": "number"
                            },
                            "FJD": {
                                "type": "number"
                            },
                            "GBP": {
                                "type": "number"
                            },
                            "GEL": {
                                "type": "number"
                            },
                            "GHS": {
                                "type": "number"
                            },
                            "GMD": {
                                "type": "number"
                            },
                            "GNF": {
                                "type": "number"
                            },
                            "GTQ": {
                                "type": "number"
                            },
                            "GYD": {
                                "type": "number"
                            },
                            "HKD": {
                                "type": "number"
                            },
                            "HNL": {
                                "type": "number"
                            },
                            "HRK": {
                                "type": "number"
                            },
                            "HTG": {
                                "type": "number"
                            },
                            "HUF": {
                                "type": "number"
                            },
                            "IDR": {
                                "type": "number"
                            },
                            "ILS": {
                                "type": "number"
                            },
                            "INR": {
                                "type": "number"
                            },
                            "IQD": {
                                "type": "number"
                            },
                            "IRR": {
                                "type": "integer"
                            },
                            "ISK": {
                                "type": "number"
                            },
                            "JMD": {
                                "type": "number"
                            },
                            "JOD": {
                                "type": "number"
                            },
                            "JPY": {
                                "type": "number"
                            },
                            "KES": {
                                "type": "number"
                            },
                            "KGS": {
                                "type": "number"
                            },
                            "KHR": {
                                "type": "number"
                            },
                            "KMF": {
                                "type": "number"
                            },
                            "KRW": {
                                "type": "number"
                            },
                            "KWD": {
                                "type": "number"
                            },
                            "KYD": {
                                "type": "number"
                            },
                            "KZT": {
                                "type": "number"
                            },
                            "LAK": {
                                "type": "number"
                            },
                            "LBP": {
                                "type": "number"
                            },
                            "LKR": {
                                "type": "number"
                            },
                            "LRD": {
                                "type": "integer"
                            },
                            "LSL": {
                                "type": "number"
                            },
                            "LYD": {
                                "type": "number"
                            },
                            "MAD": {
                                "type": "number"
                            },
                            "MDL": {
                                "type": "number"
                            },
                            "MGA": {
                                "type": "number"
                            },
                            "MKD": {
                                "type": "number"
                            },
                            "MMK": {
                                "type": "number"
                            },
                            "MOP": {
                                "type": "number"
                            },
                            "MRU": {
                                "type": "number"
                            },
                            "MUR": {
                                "type": "number"
                            },
                            "MVR": {
                                "type": "number"
                            },
                            "MWK": {
                                "type": "number"
                            },
                            "MXN": {
                                "type": "number"
                            },
                            "MYR": {
                                "type": "number"
                            },
                            "MZN": {
                                "type": "number"
                            },
                            "NAD": {
                                "type": "number"
                            },
                            "NGN": {
                                "type": "integer"
                            },
                            "NIO": {
                                "type": "number"
                            },
                            "NOK": {
                                "type": "number"
                            },
                            "NPR": {
                                "type": "number"
                            },
                            "NZD": {
                                "type": "number"
                            },
                            "OMR": {
                                "type": "number"
                            },
                            "PAB": {
                                "type": "number"
                            },
                            "PEN": {
                                "type": "number"
                            },
                            "PGK": {
                                "type": "number"
                            },
                            "PHP": {
                                "type": "number"
                            },
                            "PKR": {
                                "type": "number"
                            },
                            "PLN": {
                                "type": "number"
                            },
                            "PYG": {
                                "type": "number"
                            },
                            "QAR": {
                                "type": "number"
                            },
                            "RON": {
                                "type": "number"
                            },
                            "RSD": {
                                "type": "number"
                            },
                            "RUB": {
                                "type": "number"
                            },
                            "RWF": {
                                "type": "number"
                            },
                            "SAR": {
                                "type": "number"
                            },
                            "SBD": {
                                "type": "number"
                            },
                            "SCR": {
                                "type": "number"
                            },
                            "SDG": {
                                "type": "number"
                            },
                            "SEK": {
                                "type": "number"
                            },
                            "SGD": {
                                "type": "number"
                            },
                            "SLL": {
                                "type": "integer"
                            },
                            "SOS": {
                                "type": "integer"
                            },
                            "SRD": {
                                "type": "number"
                            },
                            "SVC": {
                                "type": "number"
                            },
                            "SZL": {
                                "type": "number"
                            },
                            "THB": {
                                "type": "number"
                            },
                            "TJS": {
                                "type": "number"
                            },
                            "TMT": {
                                "type": "number"
                            },
                            "TND": {
                                "type": "number"
                            },
                            "TOP": {
                                "type": "number"
                            },
                            "TRY": {
                                "type": "number"
                            },
                            "TTD": {
                                "type": "number"
                            },
                            "TWD": {
                                "type": "number"
                            },
                            "TZS": {
                                "type": "number"
                            },
                            "UAH": {
                                "type": "number"
                            },
                            "UGX": {
                                "type": "number"
                            },
                            "USD": {
                                "type": "integer"
                            },
                            "UYU": {
                                "type": "number"
                            },
                            "UZS": {
                                "type": "number"
                            },
                            "VES": {
                                "type": "integer"
                            },
                            "VND": {
                                "type": "number"
                            },
                            "XAF": {
                                "type": "number"
                            },
                            "XCD": {
                                "type": "number"
                            },
                            "XOF": {
                                "type": "number"
                            },
                            "XPF": {
                                "type": "number"
                            },
                            "YER": {
                                "type": "number"
                            },
                            "ZAR": {
                                "type": "number"
                            },
                            "ZMW": {
                                "type": "number"
                            }
                        }
                    }
                }
            }
        }
    }
}