{
  "title": "",
  "description": "",
  "variables": {
    "employeeListSDP": {
      "type": "vb/ServiceDataProvider",
      "defaultValue": {
        "endpoint": "businessObjects/getall_Employee",
        "keyAttributes": "id",
        "itemsPath": "items",
        "responseType": "page:getallEmployeeResponse",
        "transformsContext": {
          "vb-textFilterAttributes": [
            "emailAddress"
          ]
        }
      }
    },
    "inventoryDetailsListSDP": {
      "type": "vb/ServiceDataProvider",
      "defaultValue": {
        "endpoint": "businessObjects/getall_InventoryDetails",
        "keyAttributes": "id",
        "itemsPath": "items",
        "responseType": "page:getallInventoryDetailsResponse",
        "transformsContext": {
          "vb-textFilterAttributes": [
            "name"
          ]
        },
        "filterCriterion": {
          "op": "$eq",
          "attribute": "employeeId",
          "value": "-1"
        }
      }
    }
  },
  "metadata": {},
  "types": {
    "@decorators.getallEmployeeResponse": {
      "endpoint": "getall_Employee",
      "service": "businessObjects",
      "path": "response"
    },
    "@decorators.getallInventoryDetailsResponse": {
      "endpoint": "getall_InventoryDetails",
      "service": "businessObjects",
      "path": "response"
    },
    "getallEmployeeResponse": {
      "items": [
        {
          "emailAddress": "string",
          "id": "number"
        }
      ]
    },
    "getallInventoryDetailsResponse": {
      "items": [
        {
          "id": "number",
          "name": "string"
        }
      ]
    }
  },
  "chains": {
    "SingleSelectValueItemChangeChain": {
      "description": "",
      "root": "assignVariables",
      "actions": {
        "assignVariables": {
          "module": "vb/action/builtin/assignVariablesAction",
          "parameters": {
            "$page.variables.inventoryDetailsListSDP": {
              "source": {
                "filterCriterion": {
                  "op": "$eq",
                  "attribute": "employeeId",
                  "value": "{{ $variables.key }}"
                }
              },
              "reset": "none",
              "auto": "always"
            }
          }
        }
      },
      "variables": {
        "key": {
          "required": true,
          "type": "any",
          "input": "fromCaller"
        },
        "data": {
          "required": true,
          "type": "any",
          "input": "fromCaller"
        },
        "metadata": {
          "required": true,
          "type": "any",
          "input": "fromCaller"
        }
      }
    }
  },
  "eventListeners": {
    "ojSelectSingleValueItem": {
      "chains": [
        {
          "chainId": "SingleSelectValueItemChangeChain",
          "parameters": {
            "key": "{{$event.detail.value.key}}",
            "data": "{{$event.detail.value.data}}",
            "metadata": "{{$event.detail.value.metadata}}"
          }
        }
      ]
    }
  },
  "imports": {
    "components": {
      "oj-select-single": {
        "path": "ojs/ojselectsingle"
      }
    }
  }
}