{
  "title": "",
  "description": "",
  "variables": {
    "getUsersListSDP": {
      "type": "vb/ServiceDataProvider",
      "defaultValue": {
        "endpoint": "jsonplaceholderTypicodeCom/getUsers",
        "keyAttributes": "id",
        "itemsPath": "",
        "responseType": "page:getUsersResponse"
      }
    }
  },
  "metadata": {},
  "types": {
    "@decorators.getUsersResponse": {
      "endpoint": "getUsers",
      "service": "jsonplaceholderTypicodeCom",
      "path": "response"
    },
    "getUsersResponse": [
      {
        "email": "string",
        "id": "number",
        "name": "string",
        "phone": "string",
        "username": "string",
        "website": "string"
      }
    ]
  },
  "chains": {},
  "eventListeners": {},
  "imports": {
    "components": {
      "oj-table": {
        "path": "ojs/ojtable"
      }
    }
  }
}