{
    "fieldValidators": [
        {
            "active": "active",
            "displayName": "Age Validator",
            "errorMessage": "Age must be greater or equal to 18",
            "functionBody": "newValue>=18",
            "lastUpdate": "2021-02-24T15:36:30",
            "oid": "08174bdd-c486-49d5-9135-0aa0632750c4",
            "scriptMimeType": "application/x-adf-groovy",
            "onField": "age"
        }
      ],
    "objectFunctions": [
        {
            "active": "active",
            "functionBody": "def vo = newView('Employee');\r\nvo.appendViewCriteria(\"firstName ='\"+name+\"'\");\r\nvo.executeQuery();\r\n    def totalUsers = 0\r\n    while (vo.hasNext()) {\r\n        vo.next()\r\n        totalUsers = totalUsers + 1\r\n    }   \r\n  return totalUsers;\r\n",
            "functionName": "TotalUsers",
            "lastUpdate": "2021-02-24T15:42:45",
            "oid": "10cfb598-46da-474f-8d5a-c791b337a607",
            "parameters": [
                {
                    "parameterName": "name",
                    "parameterType": "String"
                }
            ],
            "returnType": "Long",
            "scriptMimeType": "application/x-adf-groovy",
            "visibility": [
                "external"
            ]
        }
      ],
    "objectValidators": [],
    "triggers": [
        {
            "active": "active",
            "description": "An email notification will be sent once an employee is created",
            "displayName": "SendEmail",
            "lastUpdate": "2021-02-24T14:56:00",
            "oid": "c5fcbed0-b3de-4d70-9cb1-574eb1f8c266",
            "scriptMimeType": "application/x-adf-groovy",
            "triggerEvents": [
                "BeforeInsert"
            ],
            "workflow": {
                "nodeType": "criterion",
                "type": "always",
                "displayName": "Always Execute",
                "outcomes": {
                    "false": {
                        "nodeType": "terminus",
                        "type": "end",
                        "for": "trigger"
                    },
                    "true": {
                        "nodeType": "actionGroup",
                        "displayName": "Action Group",
                        "after": {
                            "nodeType": "terminus",
                            "type": "continue",
                            "for": "criteria"
                        },
                        "methodDefinition": {
                            "typeId": "emailNotification",
                            "archetypeId": "WorkflowPage__EmployeeDetailArchetype",
                            "vars": {
                                "to": "{\"expressionValue\":\"=emailAddress\",\"inputMode\":\"expression\"}",
                                "templateId": "-1",
                                "emailTemplate": "{\"subject\":\"Employee Created Successfully\",\"body\":\"<p>Hi&nbsp;[[Parameter1]],</p><p>Congratulations, you are onboarded successfully.</p><p>Regards,</p><p>Team</p>\"}",
                                "templateValues": "[{\"expressionValue\":\"=firstName\",\"referenceValue\":\"firstName\",\"inputMode\":\"reference\",\"parameter\":\"Parameter1\"}]",
                                "methodName": "onEmployeeActionGroupExecute2",
                                "pageEvent": "actionGroupExecute"
                            },
                            "outcomeHandlers": {}
                        }
                    }
                }
            }
        }
      ],
    "fieldTriggers": []
}