{
    "openapi": "3.0.0",
    "info": {
        "title": "Services Data",
        "version": "1.0.0"
    },
    "servers": [
        {
            "url": "https://ap15.salesforce.com/services/data/v50.0",
            "description": "Services Data",
            "x-vb": {
                "authentication": {
                    "authenticated": {
                        "type": "oauth2_resource_owner",
                        "clientIdCredentials": "vb_84436ac8-492e-42a6-8962-f0a54e98f549",
                        "authUrl": "https://login.salesforce.com/services/oauth2/token",
                        "credentials": "vb_da74193f-3426-4d84-9731-2b2f2632b638"
                    }
                },
                "forceProxy": "cors"
            }
        }
    ],
    "paths": {
        "/query": {
            "get": {
                "operationId": "getQuery",
                "parameters": [
                    {
                        "name": "q",
                        "in": "query",
                        "required": true,
                        "schema": {
                            "type": "string"
                        }
                    }
                ],
                "responses": {
                    "default": {
                        "description": "Response for default",
                        "content": {
                            "application/json": {
                                "schema": {
                                    "$ref": "#/components/schemas/GetQuery"
                                },
                                "examples": {
                                    "vb": {
                                        "summary": "Example stored by VB User",
                                        "externalValue": "./examples/getQuery/response_default_application_json_vb.json"
                                    }
                                }
                            }
                        }
                    }
                },
                "x-vb": {
                    "actionHint": "getMany"
                }
            }
        },
        "/sobjects/Opportunity": {
            "post": {
                "operationId": "postSobjectsOpportunity",
                "requestBody": {
                    "description": "Request for application/json",
                    "content": {
                        "application/json": {
                            "schema": {
                                "$ref": "#/components/schemas/PostSobjectsOpportunityRequest"
                            },
                            "examples": {
                                "vb": {
                                    "summary": "Example stored by VB User",
                                    "externalValue": "./examples/postSobjectsOpportunity/request_application_json_vb.json"
                                }
                            }
                        }
                    }
                },
                "responses": {
                    "default": {
                        "description": "Response for default",
                        "content": {
                            "application/json": {
                                "schema": {
                                    "$ref": "#/components/schemas/PostSobjectsOpportunityResponse"
                                },
                                "examples": {
                                    "vb": {
                                        "summary": "Example stored by VB User",
                                        "externalValue": "./examples/postSobjectsOpportunity/response_default_application_json_vb.json"
                                    }
                                }
                            }
                        }
                    }
                },
                "x-vb": {
                    "actionHint": "create"
                }
            }
        },
        "/sobjects/Account": {
            "post": {
                "operationId": "postSobjectsAccount",
                "requestBody": {
                    "description": "Request for application/json",
                    "content": {
                        "application/json": {
                            "schema": {
                                "$ref": "#/components/schemas/PostSobjectsAccountRequest"
                            },
                            "examples": {
                                "vb": {
                                    "summary": "Example stored by VB User",
                                    "externalValue": "./examples/postSobjectsAccount/request_application_json_vb.json"
                                }
                            }
                        }
                    }
                },
                "responses": {
                    "default": {
                        "description": "Response for default",
                        "content": {
                            "application/json": {
                                "schema": {
                                    "$ref": "#/components/schemas/PostSobjectsAccountResponse"
                                },
                                "examples": {
                                    "vb": {
                                        "summary": "Example stored by VB User",
                                        "externalValue": "./examples/postSobjectsAccount/response_default_application_json_vb.json"
                                    }
                                }
                            }
                        }
                    }
                },
                "x-vb": {
                    "actionHint": "create"
                }
            }
        }
    },
    "components": {
        "schemas": {
            "GetQuery": {
                "type": "object",
                "properties": {
                    "totalSize": {
                        "type": "integer"
                    },
                    "done": {
                        "type": "boolean"
                    },
                    "records": {
                        "type": "array",
                        "items": {
                            "type": "object",
                            "properties": {
                                "attributes": {
                                    "type": "object",
                                    "properties": {
                                        "type": {
                                            "type": "string"
                                        },
                                        "url": {
                                            "type": "string"
                                        }
                                    }
                                },
                                "Id": {
                                    "type": "string"
                                },
                                "Name": {
                                    "type": "string"
                                },
                                "StageName": {
                                    "type": "string"
                                },
                                "Amount": {
                                    "type": "integer",
                                    "nullable": true
                                },
                                "CloseDate": {
                                    "type": "string"
                                },
                                "Probability": {
                                    "type": "integer"
                                },
                                "IsWon": {
                                    "type": "boolean"
                                }
                            }
                        }
                    }
                }
            },
            "PostSobjectsOpportunityResponse": {
                "type": "object",
                "properties": {
                    "id": {
                        "type": "string"
                    },
                    "success": {
                        "type": "boolean"
                    },
                    "errors": {
                        "type": "array",
                        "items": {}
                    }
                }
            },
            "PostSobjectsOpportunityRequest": {
                "type": "object",
                "properties": {
                    "AccountId": {
                        "type": "string"
                    },
                    "IsPrivate": {
                        "type": "boolean"
                    },
                    "Name": {
                        "type": "string"
                    },
                    "Description": {
                        "nullable": true
                    },
                    "StageName": {
                        "type": "string"
                    },
                    "Amount": {
                        "type": "integer"
                    },
                    "CloseDate": {
                        "type": "string"
                    }
                }
            },
            "PostSobjectsAccountResponse": {
                "type": "object",
                "properties": {
                    "id": {
                        "type": "string"
                    },
                    "success": {
                        "type": "boolean"
                    },
                    "errors": {
                        "type": "array",
                        "items": {}
                    }
                }
            },
            "PostSobjectsAccountRequest": {
                "type": "object",
                "properties": {
                    "Name": {
                        "type": "string"
                    }
                }
            }
        }
    }
}