{
    "backends": {
        "ics": {
            "description": "Integration Applications",
            "serviceType": "ics",
            "servers": [
                {
                    "url": "https://oic01-axzqdffuzuwb-px.integration.ocp.oraclecloud.com:443",
                    "description": "Default Server",
                    "x-vb": {
                        "authentication": {
                            "authenticated": {
                                "type": "basic",
                                "credentials": "vb_93552b48-8c7d-4d0f-9de6-b8ffc305a9f6"
                            }
                        }
                    }
                }
            ]
        },
        "fa": {
            "serviceType": "fa-base",
            "description": "Oracle Cloud Applications",
            "headers": {
                "REST-Framework-Version": "4"
            },
            "transforms": {
                "path": "vb/BusinessObjectsTransforms"
            },
            "servers": [
                {
                    "url": "vb-catalog://backends.tenant/fa",
                    "description": "Overridden Default Server",
                    "x-vb": {
                        "authentication": {
                            "authenticated": {
                                "type": "basic",
                                "credentials": "vb_aaafa9b2-0190-4995-94cf-be7bb0d15d72"
                            }
                        },
                        "forceProxy": "cors"
                    }
                }
            ]
        }
      }
}