{
    "openapi": "3.0.0",
    "info": {
        "version": "v01",
        "title": "GETSPECIFICROW",
        "x-vb": {
            "serviceType": "openapi",
            "sourceUrl": "https://myoic-idpwdmf0ivaf-ia.integration.ocp.oraclecloud.com:443/ic/api/integration/v1/flows/rest/GETSPECIFICROW/1.0/metadata/swagger"
        }
    },
    "servers": [
        {
            "url": "https://myoic-idpwdmf0ivaf-ia.integration.ocp.oraclecloud.com:443/ic/api/integration/v1/flows/rest/GETSPECIFICROW/1.0",
            "x-vb": {
                "authentication": {
                    "authenticated": {
                        "type": "basic",
                        "credentials": "vb_005be75d-21ef-4ddc-9c9a-fabdb17cca8b"
                    }
                }
            }
        }
    ],
    "paths": {
        "/get": {
            "get": {
                "parameters": [
                    {
                        "name": "firstName",
                        "in": "query",
                        "required": false,
                        "schema": {
                            "type": "string"
                        }
                    },
                    {
                        "name": "lastName",
                        "in": "query",
                        "required": false,
                        "schema": {
                            "type": "string"
                        }
                    }
                ],
                "responses": {
                    "500": {
                        "description": "Faults",
                        "content": {
                            "application/json": {
                                "schema": {
                                    "$ref": "#/components/schemas/APIInvocationError"
                                }
                            }
                        }
                    },
                    "default": {
                        "description": "A sample description of the Response",
                        "content": {
                            "application/json": {
                                "schema": {
                                    "$ref": "#/components/schemas/GetGet"
                                },
                                "examples": {
                                    "vb": {
                                        "summary": "Example stored by VB User",
                                        "externalValue": "./examples/getGet/response_default_application_json_vb.json"
                                    }
                                }
                            }
                        }
                    }
                },
                "security": [
                    {
                        "oauth2Authentication": []
                    }
                ],
                "operationId": "getGet"
            }
        }
    },
    "components": {
        "schemas": {
            "response-wrapper": {
                "type": "object",
                "required": [
                    "email"
                ],
                "properties": {
                    "email": {
                        "type": "string"
                    }
                }
            },
            "APIInvocationError": {
                "type": "object",
                "required": [
                    "detail",
                    "errorCode",
                    "errorDetails",
                    "title",
                    "type"
                ],
                "properties": {
                    "type": {
                        "type": "string"
                    },
                    "title": {
                        "type": "string"
                    },
                    "detail": {
                        "type": "string"
                    },
                    "errorCode": {
                        "type": "string"
                    },
                    "errorDetails": {
                        "type": "array",
                        "items": {
                            "type": "object",
                            "properties": {
                                "type": {
                                    "type": "string"
                                },
                                "instance": {
                                    "type": "string"
                                },
                                "title": {
                                    "type": "string"
                                },
                                "errorPath": {
                                    "type": "string"
                                },
                                "errorCode": {
                                    "type": "string"
                                }
                            },
                            "required": [
                                "errorCode",
                                "errorPath",
                                "instance",
                                "title",
                                "type"
                            ]
                        },
                        "minItems": 1
                    }
                }
            },
            "GetGet": {
                "type": "object",
                "properties": {
                    "email": {
                        "type": "string"
                    }
                }
            }
        }
    }
}