{
    "levels": 0,
    "dataVariableFlatTree": [
        {
            "levels": 0,
            "editable": true,
            "name": "travelReimbursementFormDataObject",
            "nodeType": "NODE_TYPE_VARIABLE",
            "scope": "TravelReimbursement",
            "value": "{\"amount\":300,\"emailAddress\":\"ankur.jain1@techsupper.com\",\"firstName\":\"Ankur\",\"lastName\":\"Jain\",\"travelEndDate\":\"2021-03-08\",\"travelReason\":\"Meeting to implement the VBCS project\",\"travelStartDate\":\"2021-03-03\"}"
        },
        {
            "levels": 0,
            "editable": true,
            "name": "TaskOutcomeDataObject",
            "nodeType": "NODE_TYPE_VARIABLE",
            "scope": "TravelReimbursement",
            "value": "REJECT"
        }
    ],
    "links": [
        {
            "length": 0,
            "rel": "canonical",
            "href": "https://oic03-axzqdffuzuwb-px.integration.ocp.oraclecloud.com:443/ic/api/process/v1/processes/10001/dataobjects"
        },
        {
            "length": 0,
            "rel": "parent",
            "href": "https://oic03-axzqdffuzuwb-px.integration.ocp.oraclecloud.com:443/ic/api/process/v1/processes/10001"
        },
        {
            "length": 0,
            "rel": "self",
            "href": "https://oic03-axzqdffuzuwb-px.integration.ocp.oraclecloud.com:443/ic/api/process/v1/processes/10001/dataobjects"
        }
    ]
}