{
    "fields": [
        {
            "displayLabel": "Id",
            "internal": true,
            "key": true,
            "name": "id",
            "oid": "9e3e1a0c-aa4b-4d63-8cee-14370c9b471c",
            "required": true,
            "type": "number",
            "unique": true
        },
        {
            "displayLabel": "Created",
            "internal": true,
            "name": "creationDate",
            "oid": "ff23ab45-6f44-43e8-b0c1-8a50d1e90ea7",
            "type": "datetime"
        },
        {
            "displayLabel": "Last Updated",
            "internal": true,
            "name": "lastUpdateDate",
            "oid": "df282f45-f77c-49ac-b974-5238d87adfaf",
            "type": "datetime"
        },
        {
            "displayLabel": "Created By",
            "internal": true,
            "name": "createdBy",
            "oid": "7392fe2a-af02-43b2-973f-6f7030b7e3ff",
            "type": "string"
        },
        {
            "displayLabel": "Last Updated By",
            "internal": true,
            "name": "lastUpdatedBy",
            "oid": "0ad691c9-15ea-4db3-9f5d-f4b39313584c",
            "type": "string"
        },
        {
            "displayLabel": "<internal>",
            "hidden": true,
            "internal": true,
            "name": "abcsChangeNumber",
            "oid": "9e334834-1104-4dcf-b9b2-e41c7e82ef38",
            "type": "number"
        },
        {
            "name": "stageName",
            "oid": "c07e257f-00d7-4928-be0f-2ce876e829fb",
            "displayLabel": "Stage Name",
            "type": "string"
        }
    ],
    "name": "Stage",
    "oid": "6cdc9f6e-10e4-42fc-8dd0-d5b5bcf15097",
    "displayLabel": "Stage"
}