{
  "title": "",
  "description": "",
  "variables": {
    "EmployeeADP": {
      "type": "vb/ArrayDataProvider2",
      "defaultValue": {
        "itemType": "get_Employee",
        "keyAttributes": "id"
      }
    }
  },
  "metadata": {},
  "types": {
    "@decorators.get_Employee": {
      "endpoint": "get_Employee",
      "service": "businessObjects",
      "path": "response"
    },
    "get_Employee": {
      "age": "number",
      "contactNumber": "string",
      "emailAddress": "string",
      "firstName": "string",
      "fullName": "string",
      "id": "number",
      "lastName": "string",
      "qualification": "string"
    }
  },
  "chains": {
    "loadEmployeeData": {
      "root": "callRestGetallEmployee",
      "description": "",
      "variables": {},
      "actions": {
        "fireNotification": {
          "module": "vb/action/builtin/fireNotificationEventAction",
          "parameters": {
            "target": "leaf",
            "summary": "[[ $chain.results.callRestGetallEmployee.message.summary ]]",
            "type": "error",
            "displayMode": "persist"
          }
        },
        "callRestGetallEmployee": {
          "module": "vb/action/builtin/restAction",
          "parameters": {
            "endpoint": "businessObjects/getall_Employee"
          },
          "outcomes": {
            "failure": "fireNotification",
            "success": "assignVariablesEmployeeData"
          }
        },
        "assignVariablesEmployeeData": {
          "module": "vb/action/builtin/assignVariablesAction",
          "parameters": {
            "$page.variables.EmployeeADP": {
              "source": {
                "data": "{{ $chain.results.callRestGetallEmployee.body.items }}"
              },
              "reset": "none",
              "auto": "always"
            }
          }
        }
      }
    }
  },
  "eventListeners": {
    "vbEnter": {
      "chains": [
        {
          "chainId": "loadEmployeeData",
          "parameters": {}
        }
      ]
    }
  },
  "imports": {
    "components": {
      "oj-table": {
        "path": "ojs/ojtable"
      }
    }
  }
}