id,creationDate,lastUpdateDate,createdBy,lastUpdatedBy,qualification
1,2021-02-27T10:25:07,2021-02-27T10:25:07.011,ankur.jain1@techsupper.com,ankur.jain1@techsupper.com,MCA
2,2021-02-27T10:25:14,2021-02-27T10:25:14.008,ankur.jain1@techsupper.com,ankur.jain1@techsupper.com,MBA
3,2021-02-27T10:25:19,2021-02-27T10:25:19.004,ankur.jain1@techsupper.com,ankur.jain1@techsupper.com,BBA
4,2021-02-27T10:25:24,2021-02-27T10:25:24.015,ankur.jain1@techsupper.com,ankur.jain1@techsupper.com,BCA
5,2021-02-27T10:25:30,2021-02-27T10:25:30.004,ankur.jain1@techsupper.com,ankur.jain1@techsupper.com,BTech
