{
    "displayLabel": "Sales",
    "fields": [
        {
            "displayLabel": "Id",
            "internal": true,
            "key": true,
            "name": "id",
            "oid": "14e7cae5-7576-4582-842c-89b37b7d9cd8",
            "required": true,
            "type": "number",
            "unique": true
        },
        {
            "displayLabel": "Created",
            "internal": true,
            "name": "creationDate",
            "oid": "ba2a79c0-7eff-4ab4-86c7-9eef9dcebb39",
            "type": "datetime"
        },
        {
            "displayLabel": "Last Updated",
            "internal": true,
            "name": "lastUpdateDate",
            "oid": "a4eedcb2-0d90-431a-a275-fe7fc408464e",
            "type": "datetime"
        },
        {
            "displayLabel": "Created By",
            "internal": true,
            "name": "createdBy",
            "oid": "09316f3b-7f9e-4197-a810-72c8242c2a9e",
            "type": "string"
        },
        {
            "displayLabel": "Last Updated By",
            "internal": true,
            "name": "lastUpdatedBy",
            "oid": "c990edc7-bf17-413b-8678-95aaad15ffae",
            "type": "string"
        },
        {
            "displayLabel": "<internal>",
            "hidden": true,
            "internal": true,
            "name": "abcsChangeNumber",
            "oid": "b2703f3e-a068-47ef-9465-6d6f5f2d2698",
            "type": "number"
        },
        {
            "displayLabel": "amount",
            "name": "amount",
            "oid": "10f27892-d098-4ef0-a99d-af941f025087",
            "type": "number"
        },
        {
            "displayLabel": "year",
            "name": "year",
            "oid": "cdd4ba28-5c97-4309-97a8-5afc63893f15",
            "type": "number"
        },
        {
            "displayLabel": "department",
            "name": "department",
            "oid": "bf8381d7-460e-4d37-8c9a-5168fdcc2454",
            "type": "string"
        }
    ],
    "name": "Sales",
    "oid": "f7d79a70-26c2-418d-8d1a-de60381847d2"
}