{
  "app_title_navigation_drawer" : "Application Navigation Drawer",
  "@app_title_navigation_drawer" : {
    "description" : "Title for Application Navigation Drawer",
    "source_text" : "Application Navigation Drawer"
  },
  "app_logo_tooltip" : "Application Logo",
  "@app_logo_tooltip" : {
    "description" : "Title for Application Logo",
    "source_text" : "Application Logo"
  },
  "app_header_title" : "My Application",
  "@app_header_title" : {
    "description" : "Title on shell header",
    "source_text" : "My Application"
  },
  "app_footer_about_link" : "About",
  "@app_footer_about_link" : {
    "description" : "About link on shell footer",
    "source_text" : "About"
  },
  "app_footer_copyright" : "Created with Visual Builder, Copyright © 2020",
  "@app_footer_copyright" : {
    "description" : "Copyright text on shell footer",
    "source_text" : "Created with Visual Builder, Copyright © 2020"
  },
  "app_title_tooltip" : "Application Name",
  "@app_title_tooltip" : {
    "description" : "Tooltip on shell title text",
    "source_text" : "Application Name"
  },
  "app_sign_out" : "Sign Out",
  "@app_sign_out" : {
    "description" : "Text on menu option to log out of the application",
    "source_text" : "Sign Out"
  },
  "ceo_name" : "Nom du directeur général",
  "@ceo_name" : {
    "description" : "",
    "source_text" : "Chief Executive Name"
  },
  "ceo_title" : "Titre de directeur général",
  "@ceo_title" : {
    "description" : "",
    "source_text" : "Chief Executive Title"
  },
  "country" : "Pays",
  "@country" : {
    "description" : "",
    "source_text" : "Country"
  },
  "email" : "Email",
  "@email" : {
    "description" : "",
    "source_text" : "Email"
  },
  "url" : "URL",
  "@url" : {
    "description" : "",
    "source_text" : "URL"
  }
}