{
    "timestamp": 1613932803787,
    "source": "USD",
    "date": "2021-02-21",
    "rates": {
        "AED": 3.6731,
        "AFN": 77.5607,
        "ALL": 102.0939,
        "AMD": 524.48,
        "ANG": 1.797949,
        "AOA": 652.46,
        "ARS": 89.20199,
        "AUD": 1.270648,
        "AWG": 1.8,
        "AZN": 1.7,
        "BAM": 1.613954,
        "BBD": 2.022404,
        "BDT": 84.80474,
        "BGN": 1.614012,
        "BHD": 0.3771172,
        "BIF": 1947.08,
        "BMD": 1,
        "BND": 1.326182,
        "BOB": 6.926413,
        "BRL": 5.3829,
        "BSD": 1.00163,
        "BTN": 72.63516,
        "BWP": 10.85223,
        "BYN": 2.594269,
        "BZD": 2.019021,
        "CAD": 1.26155,
        "CDF": 1977.5,
        "CHF": 0.8961367,
        "CLP": 708.65,
        "CNY": 6.4868,
        "COP": 3553.153,
        "CRC": 612.9103,
        "CUP": 24.03961,
        "CVE": 90.99086,
        "CZK": 21.36575,
        "DJF": 178.3178,
        "DKK": 6.1366,
        "DOP": 58.0059,
        "DZD": 132.605,
        "EGP": 15.64087,
        "ETB": 40.33297,
        "EUR": 0.8252017,
        "FJD": 2.02595,
        "GBP": 0.7134449,
        "GEL": 3.31,
        "GHS": 5.784499,
        "GMD": 51.45,
        "GNF": 10161.78,
        "GTQ": 7.732717,
        "GYD": 209.56,
        "HKD": 7.7532,
        "HNL": 24.13797,
        "HRK": 6.2475,
        "HTG": 73.0485,
        "HUF": 295.795,
        "IDR": 14088.21,
        "ILS": 3.271,
        "INR": 72.5543,
        "IQD": 1461.407,
        "IRR": 42105,
        "ISK": 128.4,
        "JMD": 150.9937,
        "JOD": 0.7083,
        "JPY": 105.5215,
        "KES": 109.8833,
        "KGS": 84.635,
        "KHR": 4074.681,
        "KMF": 406.4,
        "KRW": 1106.04,
        "KWD": 0.3026,
        "KYD": 0.834774,
        "KZT": 418.1297,
        "LAK": 9358.447,
        "LBP": 1514.658,
        "LKR": 195.8227,
        "LRD": 173,
        "LSL": 14.69,
        "LYD": 4.459472,
        "MAD": 8.917294,
        "MDL": 17.61401,
        "MGA": 3775.768,
        "MKD": 50.8448,
        "MMK": 1412.327,
        "MOP": 7.999092,
        "MRU": 35.96,
        "MUR": 39.74996,
        "MVR": 15.4,
        "MWK": 779.9501,
        "MXN": 20.42722,
        "MYR": 4.039,
        "MZN": 75.09,
        "NAD": 14.69,
        "NGN": 381,
        "NIO": 34.95719,
        "NOK": 8.4638,
        "NPR": 116.2165,
        "NZD": 1.368645,
        "OMR": 0.3850226,
        "PAB": 1.001712,
        "PEN": 3.658036,
        "PGK": 3.562065,
        "PHP": 48.49298,
        "PKR": 159.3626,
        "PLN": 3.7011,
        "PYG": 6660.285,
        "QAR": 3.641,
        "RON": 4.024,
        "RSD": 97.01071,
        "RUB": 74.035,
        "RWF": 994.7558,
        "SAR": 3.750003,
        "SBD": 8.006918,
        "SCR": 21.50145,
        "SDG": 55.275,
        "SEK": 8.2783,
        "SGD": 1.3256,
        "SLL": 10215,
        "SOS": 586,
        "SRD": 14.154,
        "SVC": 8.765292,
        "SZL": 14.69519,
        "THB": 29.985,
        "TJS": 11.41378,
        "TMT": 3.5,
        "TND": 2.707,
        "TOP": 2.3026,
        "TRY": 6.9637,
        "TTD": 6.795618,
        "TWD": 27.9289,
        "TZS": 2322.827,
        "UAH": 27.89528,
        "UGX": 3674.045,
        "USD": 1,
        "UYU": 42.89068,
        "UZS": 10549.39,
        "VES": 1755412,
        "VND": 23057.78,
        "XAF": 541.2968,
        "XCD": 2.70255,
        "XOF": 541.2968,
        "XPF": 98.65,
        "YER": 250.375,
        "ZAR": 14.653,
        "ZMW": 21.70074
    }
}