{
    "fields": [
        {
            "displayLabel": "Id",
            "internal": true,
            "key": true,
            "name": "id",
            "oid": "d21143c3-3399-4971-86df-5e7ec6cca182",
            "required": true,
            "type": "number",
            "unique": true
        },
        {
            "displayLabel": "Created",
            "internal": true,
            "name": "creationDate",
            "oid": "27a12577-c71e-4960-8c83-9ec5493a6f47",
            "type": "datetime"
        },
        {
            "displayLabel": "Last Updated",
            "internal": true,
            "name": "lastUpdateDate",
            "oid": "2882c54a-c517-4b51-934f-dafb120c31e3",
            "type": "datetime"
        },
        {
            "displayLabel": "Created By",
            "internal": true,
            "name": "createdBy",
            "oid": "c155aac6-56c9-4aff-b113-f1ebde5d4174",
            "type": "string"
        },
        {
            "displayLabel": "Last Updated By",
            "internal": true,
            "name": "lastUpdatedBy",
            "oid": "7b57d777-47ab-45dc-9444-0d5fda26367a",
            "type": "string"
        },
        {
            "displayLabel": "<internal>",
            "hidden": true,
            "internal": true,
            "name": "abcsChangeNumber",
            "oid": "1fac9037-2ca0-44b9-b009-1b14f3ae906a",
            "type": "number"
        },
        {
            "name": "qualification",
            "oid": "060073f5-bfc0-4532-a348-a29500bf2d27",
            "displayLabel": "Qualification",
            "type": "string"
        }
    ],
    "name": "Qualification",
    "oid": "cf67e366-49c0-42c1-a6be-b05e302eab2e",
    "displayLabel": "Qualification"
}