{
  "title": "",
  "description": "",
  "variables": {
    "accountsListSDP": {
      "type": "vb/ServiceDataProvider",
      "defaultValue": {
        "endpoint": "crmRestApi/getall_accounts",
        "keyAttributes": "PartyNumber",
        "itemsPath": "items",
        "responseType": "page:getallAccountsResponse"
      }
    },
    "oj_table_1362109087_1SelectedId": {
      "type": "string",
      "defaultValue": ""
    }
  },
  "metadata": {},
  "types": {
    "@decorators.getallAccountsResponse": {
      "endpoint": "getall_accounts",
      "service": "crmRestApi",
      "path": "response"
    },
    "getallAccountsResponse": {
      "items": [
        {
          "CEOName": "string",
          "CEOTitle": "string",
          "Country": "string",
          "EmailAddress": "string",
          "PartyNumber": "string",
          "URL": "string"
        }
      ]
    }
  },
  "chains": {
    "navigateToEditAccountsChain": {
      "root": "navigateToEdit",
      "variables": {
        "accountsId": {
          "type": "string",
          "input": "fromCaller",
          "required": true
        }
      },
      "actions": {
        "navigateToEdit": {
          "module": "vb/action/builtin/navigateToPageAction",
          "parameters": {
            "history": "push",
            "page": "customers-edit-accounts",
            "params": {
              "accountsId": "[[ $chain.variables.accountsId ]]"
            }
          }
        }
      }
    },
    "oj_table_1362109087_1ChangeSelectionChain": {
      "variables": {
        "accountsId": {
          "type": "string",
          "input": "fromCaller",
          "defaultValue": ""
        }
      },
      "root": "assignVariable",
      "actions": {
        "assignVariable": {
          "module": "vb/action/builtin/assignVariablesAction",
          "parameters": {
            "$page.variables.oj_table_1362109087_1SelectedId": {
              "source": "[[ $chain.variables.accountsId ]]"
            }
          }
        }
      }
    },
    "RadiosetValueChangeChain": {
      "description": "",
      "root": "callFunctionSettingLocale",
      "actions": {
        "callFunctionSettingLocale": {
          "module": "vb/action/builtin/callModuleFunctionAction",
          "parameters": {
            "module": "[[ $functions ]]",
            "functionName": "settingLocale",
            "params": [
              "{{ $variables.value }}"
            ]
          },
          "outcomes": {
            "success": "openUrl"
          }
        },
        "openUrl": {
          "module": "vb/action/builtin/openUrlAction",
          "parameters": {
            "url": "index.html"
          }
        }
      },
      "variables": {
        "value": {
          "required": true,
          "type": "any",
          "input": "fromCaller"
        }
      }
    }
  },
  "eventListeners": {
    "editAccountsButtonClicked": {
      "chains": [
        {
          "chainId": "navigateToEditAccountsChain",
          "parameters": {
            "accountsId": "[[ $page.variables.oj_table_1362109087_1SelectedId ]]"
          }
        }
      ]
    },
    "_Selection": {
      "chains": [
        {
          "chainId": "oj_table_1362109087_1ChangeSelectionChain",
          "parameters": {
            "accountsId": "[[ $event.detail.value.key || '' ]]"
          }
        }
      ]
    },
    "ojRadiosetValue": {
      "chains": [
        {
          "chainId": "RadiosetValueChangeChain",
          "parameters": {
            "value": "{{ $event.detail.value }}"
          }
        }
      ]
    }
  },
  "imports": {
    "components": {
      "oj-button": {
        "path": "ojs/ojbutton"
      },
      "oj-option": {
        "path": "ojs/ojoption"
      },
      "oj-radioset": {
        "path": "ojs/ojradioset"
      },
      "oj-table": {
        "path": "ojs/ojtable"
      },
      "oj-toolbar": {
        "path": "ojs/ojtoolbar"
      }
    }
  }
}