{
  "title": "",
  "description": "",
  "variables": {
    "appointmentListSDP": {
      "type": "vb/ServiceDataProvider",
      "defaultValue": {
        "endpoint": "businessObjects/getall_Appointment",
        "keyAttributes": "id",
        "itemsPath": "items",
        "responseType": "page:getallAppointmentResponse"
      }
    }
  },
  "metadata": {},
  "types": {
    "@decorators.getallAppointmentResponse": {
      "endpoint": "getall_Appointment",
      "service": "businessObjects",
      "path": "response"
    },
    "getallAppointmentResponse": {
      "items": [
        {
          "address": "string",
          "appointmentDateTime": "string",
          "doctorName": "string",
          "expertise": "string",
          "id": "number"
        }
      ]
    }
  },
  "chains": {},
  "eventListeners": {},
  "imports": {
    "components": {
      "oj-ext-mobile-page-template": {
        "path": "vb/components/mobile-page-template/loader"
      },
      "oj-list-item-layout": {
        "path": "ojs/ojlistitemlayout"
      },
      "oj-list-view": {
        "path": "ojs/ojlistview"
      },
      "oj-vb-list-item": {
        "path": "vb/components/list-item/loader"
      }
    }
  }
}