{
    "buildProfiles": {
        "androidProfiles": [
            {
                "OS": "android",
                "profileId": "AndroidBuild1_03533091881750836",
                "profileName": "AndroidBuild1",
                "appID": "vbcs.chapter11.VBCSBook_MobileApp.appid",
                "buildType": "release",
                "versionName": "1.0.0",
                "versionCode": 1,
                "keystorePassword": "vb_35a629c1-76ac-4c78-91d0-db22f46a793d",
                "keyAlias": "key0",
                "keyPassword": "vb_5f387cf4-243b-4dc2-8371-0c496eb8539f",
                "keystoreFile": "vb_dda2a9e7-4f9b-4c52-a222-8b4e335bc1b4",
                "customTemplateId": ""
            }
         ],
        "iosProfiles": []
    }
}