{
    "displayLabel": "Appointment",
    "fields": [
        {
            "displayLabel": "Id",
            "internal": true,
            "key": true,
            "name": "id",
            "oid": "16056f67-efee-4d2f-8df6-1f2eb510273c",
            "required": true,
            "type": "number",
            "unique": true
        },
        {
            "displayLabel": "Created",
            "internal": true,
            "name": "creationDate",
            "oid": "09224387-4724-4190-88f5-4e1bb35decdb",
            "type": "datetime"
        },
        {
            "displayLabel": "Last Updated",
            "internal": true,
            "name": "lastUpdateDate",
            "oid": "9978ace8-3c9c-4db1-9562-d8e519521e11",
            "type": "datetime"
        },
        {
            "displayLabel": "Created By",
            "internal": true,
            "name": "createdBy",
            "oid": "aeb602d8-c547-4f7b-9b8e-036222d2f98a",
            "type": "string"
        },
        {
            "displayLabel": "Last Updated By",
            "internal": true,
            "name": "lastUpdatedBy",
            "oid": "3dcd549f-046e-4771-a627-f91542c390bc",
            "type": "string"
        },
        {
            "displayLabel": "<internal>",
            "hidden": true,
            "internal": true,
            "name": "abcsChangeNumber",
            "oid": "17e5590f-05ee-415f-bab3-d3e4af7fe976",
            "type": "number"
        },
        {
            "displayLabel": "Doctor Name",
            "name": "doctorName",
            "oid": "57c54427-394d-465e-bc15-7ac25238c60c",
            "type": "string"
        },
        {
            "displayLabel": "Expertise",
            "name": "expertise",
            "oid": "246c0965-8a9e-4c12-8af6-745552250d77",
            "type": "string"
        },
        {
            "displayLabel": "Address",
            "name": "address",
            "oid": "6cb6a1cd-9bfd-42e7-9556-d6dd1043e42b",
            "type": "string"
        },
        {
            "displayLabel": "Appointment Date Time",
            "name": "appointmentDateTime",
            "oid": "0a9340ae-5616-4c58-b018-bc7ba7c3b8e1",
            "type": "string"
        },
        {
            "displayLabel": "Appointment Note",
            "name": "appointmentNote",
            "oid": "d101a0b2-3c89-4a53-afb6-edfadf536ec7",
            "type": "string"
        },
        {
            "displayLabel": "Doctor Email",
            "name": "doctorEmail",
            "oid": "9cca9365-90a8-40d3-a802-3062956e5b08",
            "type": "string"
        }
    ],
    "name": "Appointment",
    "oid": "186c807d-fc37-4886-ae4f-a864e5b952b3"
}