{
  "title": "",
  "description": "",
  "variables": {
    "getUsersListSDP": {
      "type": "vb/ServiceDataProvider",
      "defaultValue": {
        "endpoint": "jsonplaceholderTypicodeCom/getUsers",
        "keyAttributes": "id",
        "itemsPath": "",
        "responseType": "page:getUsersResponse"
      }
    }
  },
  "metadata": {},
  "types": {
    "@decorators.getUsersResponse": {
      "endpoint": "getUsers",
      "service": "jsonplaceholderTypicodeCom",
      "path": "response"
    },
    "getUsersResponse": [
      {
        "email": "string",
        "id": "number",
        "name": "string",
        "phone": "string",
        "username": "string",
        "website": "string"
      }
    ]
  },
  "chains": {
    "TableFirstSelectedRowChangeChain": {
      "description": "",
      "root": "callRestGetUsersUserid",
      "actions": {
        "fireNotification": {
          "module": "vb/action/builtin/fireNotificationEventAction",
          "parameters": {
            "target": "leaf",
            "summary": "[[ $chain.results.callRestGetUsersUserid.message.summary ]]",
            "type": "error",
            "displayMode": "persist"
          }
        },
        "callRestGetUsersUserid": {
          "module": "vb/action/builtin/restAction",
          "parameters": {
            "endpoint": "jsonplaceholderTypicodeCom/getUsersUserid",
            "uriParams": {
              "userid": "{{ $variables.rowKey }}"
            }
          },
          "outcomes": {
            "failure": "fireNotification",
            "success": "assignVariables"
          }
        },
        "assignVariables": {
          "module": "vb/action/builtin/assignVariablesAction",
          "parameters": {
            "$flow.variables.UserInformation": {
              "source": "{{ $chain.results.callRestGetUsersUserid.body }}",
              "auto": "always"
            }
          },
          "outcomes": {
            "success": "navigateToMainUserInformation"
          }
        },
        "navigateToMainUserInformation": {
          "module": "vb/action/builtin/navigateToPageAction",
          "parameters": {
            "page": "main-user-information",
            "params": {
              "userid": "{{ $application.user.username }}"
            }
          }
        }
      },
      "variables": {
        "rowKey": {
          "required": true,
          "type": "any",
          "input": "fromCaller"
        },
        "rowData": {
          "required": true,
          "type": "any",
          "input": "fromCaller"
        }
      }
    }
  },
  "eventListeners": {
    "ojTableFirstSelectedRow": {
      "chains": [
        {
          "chainId": "TableFirstSelectedRowChangeChain",
          "parameters": {
            "rowKey": "{{$event.detail.value.key}}",
            "rowData": "{{$event.detail.value.data}}"
          }
        }
      ]
    }
  },
  "imports": {
    "components": {
      "oj-table": {
        "path": "ojs/ojtable"
      }
    }
  }
}