{
  "description": "",
  "routerFlow": "initiate-process",
  "variables": {
    "navDataSource": {
      "type": "vb/ArrayDataProvider2",
      "description": "The model describing the flows in the app",
      "defaultValue": {
        "keyAttributes": "id",
        "data": [
          {
            "name": "Initiate Process",
            "id": "initiate-process",
            "iconClass": "vb-icon vb-icon-list"
          },
          {
            "name": "Manage Processes",
            "id": "manage-processes",
            "iconClass": "vb-icon vb-icon-list"
          }
        ]
      }
    },
    "messagesADP": {
      "type": "vb/ArrayDataProvider2",
      "defaultValue": {
        "keyAttributes": "id",
        "itemType": "page:messageType"
      }
    }
  },
  "metadata": {},
  "types": {
    "messageType": {
      "id": "string",
      "severity": "string",
      "category": "string",
      "summary": "string",
      "detail": "string",
      "timestamp": "string",
      "autoTimeout": "number"
    }
  },
  "chains": {
    "showNotification": {
      "description": "Displays notifications sent by the Fire Notification action using the oj-messages component on this page.",
      "variables": {
        "eventPayload": {
          "type": "messageType",
          "input": "fromCaller"
        }
      },
      "root": "displayMessage",
      "actions": {
        "displayMessage": {
          "module": "vb/action/builtin/fireDataProviderEventAction",
          "parameters": {
            "target": "{{ $page.variables.messagesADP }}",
            "add": {
              "data": "{{ [ $chain.variables.eventPayload ] }}"
            }
          }
        }
      }
    },
    "navigationHandler": {
      "description": "Navigates to the flow selected in the navigation tab.",
      "variables": {
        "item": {
          "required": true,
          "type": "string",
          "input": "fromCaller"
        },
        "updatedFrom": {
          "type": "string",
          "input": "fromCaller"
        }
      },
      "root": "test",
      "actions": {
        "test": {
          "module": "vb/action/builtin/ifAction",
          "parameters": {
            "condition": "{{ $variables.updatedFrom !== 'external' }}"
          },
          "outcomes": {
            "true": "switch1"
          }
        },
        "switch1": {
          "module": "vb/action/builtin/switchAction",
          "outcomes": {
            "initiate-process": "navigateToPage0",
            "manage-processes": "navigateToPage1"
          },
          "parameters": {
            "caseValue": "{{ $chain.variables.item }}"
          }
        },
        "navigateToPage0": {
          "module": "vb/action/builtin/navigateToPageAction",
          "parameters": {
            "page": "shell/initiate-process"
          }
        },
        "navigateToPage1": {
          "module": "vb/action/builtin/navigateToPageAction",
          "parameters": {
            "page": "shell/manage-processes"
          }
        }
      }
    },
    "closeNotificationHandler": {
      "description": "Removes the notification message when its dismiss gesture has been invoked.",
      "variables": {
        "eventMessage": {
          "type": "messageType",
          "input": "fromCaller"
        }
      },
      "root": "removeMessage",
      "actions": {
        "removeMessage": {
          "module": "vb/action/builtin/fireDataProviderEventAction",
          "parameters": {
            "target": "{{ $page.variables.messagesADP }}",
            "remove": {
              "keys": "{{ [ $variables.eventMessage.id ] }}"
            }
          }
        }
      }
    }
  },
  "eventListeners": {
    "application:navigateToItem": {
      "chains": [
        {
          "chainId": "navigationHandler",
          "parameters": {
            "item": "{{ $event.item }}"
          }
        }
      ]
    },
    "vbNotification": {
      "chains": [
        {
          "chainId": "showNotification",
          "parameters": {
            "eventPayload": "{{ { id: $event.key, summary: $event.summary, detail: $event.message, severity: $event.type, autoTimeout: $event.displayMode === 'transient' ? 0 : -1 } }}"
          }
        }
      ]
    },
    "onNavigation": {
      "chains": [
        {
          "chainId": "navigationHandler",
          "parameters": {
            "item": "{{ $event.detail.value }}",
            "updatedFrom": "{{ $event.detail.updatedFrom }}"
          }
        }
      ]
    },
    "onMessageClose": {
      "chains": [
        {
          "chainId": "closeNotificationHandler",
          "parameters": {
            "eventMessage": "{{ $event.detail.message }}"
          }
        }
      ]
    }
  },
  "imports": {
    "components": {
      "oj-messages": {
        "path": "ojs/ojmessages"
      },
      "oj-menu": {
        "path": "ojs/ojmenu"
      },
      "oj-menu-button": {
        "path": "ojs/ojbutton"
      },
      "oj-option": {
        "path": "ojs/ojoption"
      },
      "oj-toolbar": {
        "path": "ojs/ojtoolbar"
      },
      "oj-navigation-list": {
        "path": "ojs/ojnavigationlist"
      },
      "oj-button": {
        "path": "ojs/ojbutton"
      },
      "oj-dialog": {
        "path": "ojs/ojdialog"
      },
      "oj-conveyor-belt": {
        "path": "ojs/ojconveyorbelt"
      }
    }
  },
  "translations": {}
}