{
    "timestamp": 1608272105041,
    "source": "USD",
    "date": "2020-12-18",
    "rates": {
        "AED": 3.67293,
        "AFN": 77.06742,
        "ALL": 100.866,
        "AMD": 523.42,
        "ANG": 1.79223,
        "AOA": 654.231,
        "ARS": 82.7241,
        "AUD": 1.31728,
        "AWG": 1.8,
        "AZN": 1.7,
        "BAM": 1.595691,
        "BBD": 2.015934,
        "BDT": 84.67286,
        "BGN": 1.597028,
        "BHD": 0.3770349,
        "BIF": 1936.191,
        "BMD": 1,
        "BND": 1.323347,
        "BOB": 6.884258,
        "BRL": 5.0589,
        "BSD": 0.9984621,
        "BTN": 73.44241,
        "BWP": 10.78254,
        "BYN": 2.505456,
        "BZD": 2.012589,
        "CAD": 1.275035,
        "CDF": 1972,
        "CHF": 0.88447,
        "CLP": 721.9,
        "CNY": 6.5439,
        "COP": 3414.1,
        "CRC": 605.6393,
        "CUP": 0.9998015,
        "CVE": 89.96121,
        "CZK": 21.3517,
        "DJF": 177.7455,
        "DKK": 6.07476,
        "DOP": 58.02983,
        "DZD": 131.805,
        "EGP": 15.7118,
        "ETB": 39.04339,
        "EUR": 0.816427,
        "FJD": 2.0396,
        "GBP": 0.738695,
        "GEL": 3.3,
        "GHS": 5.860838,
        "GMD": 51.75,
        "GNF": 9962.062,
        "GTQ": 7.787826,
        "GYD": 208.6979,
        "HKD": 7.753025,
        "HNL": 24.1213,
        "HRK": 6.15,
        "HTG": 71.43679,
        "HUF": 290.224,
        "IDR": 14149,
        "ILS": 3.24375,
        "INR": 73.5225,
        "IQD": 1191.962,
        "IRR": 42105,
        "ISK": 127.04,
        "JMD": 143.0537,
        "JOD": 0.709,
        "JPY": 103.382,
        "KES": 111.6,
        "KGS": 83.148,
        "KHR": 4033.744,
        "KMF": 401.375,
        "KRW": 1098.58,
        "KWD": 0.3044,
        "KYD": 0.8320245,
        "KZT": 419.0881,
        "LAK": 9263.636,
        "LBP": 1509.686,
        "LKR": 186.81,
        "LRD": 161.75,
        "LSL": 14.645,
        "LYD": 1.341046,
        "MAD": 8.884837,
        "MDL": 17.17334,
        "MGA": 3609.379,
        "MKD": 50.3186,
        "MMK": 1354.897,
        "MOP": 7.97244,
        "MRU": 36.1,
        "MUR": 39.35007,
        "MVR": 15.4,
        "MWK": 763.0704,
        "MXN": 19.91408,
        "MYR": 4.039,
        "MZN": 74.77,
        "NAD": 14.65,
        "NGN": 381.2,
        "NIO": 34.79619,
        "NOK": 8.608165,
        "NPR": 117.5095,
        "NZD": 1.402205,
        "OMR": 0.3849905,
        "PAB": 0.9984539,
        "PEN": 3.581886,
        "PGK": 3.513397,
        "PHP": 48.07,
        "PKR": 159.727,
        "PLN": 3.623122,
        "PYG": 6967.206,
        "QAR": 3.64125,
        "RON": 3.9745,
        "RSD": 96.02,
        "RUB": 73.2191,
        "RWF": 988.7002,
        "SAR": 3.751515,
        "SBD": 8.066615,
        "SCR": 21.20613,
        "SDG": 55.225,
        "SEK": 8.3001,
        "SGD": 1.32741,
        "SLL": 10105,
        "SOS": 583,
        "SRD": 14.154,
        "SVC": 8.736339,
        "SZL": 14.65032,
        "THB": 29.813,
        "TJS": 11.30983,
        "TMT": 3.51,
        "TND": 2.689,
        "TOP": 2.28525,
        "TRY": 7.724305,
        "TTD": 6.786491,
        "TWD": 28.1445,
        "TZS": 2319.239,
        "UAH": 27.81057,
        "UGX": 3654.335,
        "USD": 1,
        "UYU": 42.38412,
        "UZS": 10456.76,
        "VES": 1074303,
        "VND": 23125,
        "XAF": 535.178,
        "XCD": 2.70255,
        "XOF": 535.1758,
        "XPF": 97.75,
        "YER": 250.4,
        "ZAR": 14.7125,
        "ZMW": 21.10224
    }
}