{
  "pageModelVersion": "2010.0.0",
  "title": "",
  "description": "",
  "variables": {
    "CurrentEditRow": {
      "type": "get_Employee"
    },
    "deletingEmployeeId": {
      "type": "string"
    },
    "deletingEmployeeName": {
      "type": "string"
    },
    "EmployeeADP": {
      "type": "vb/ArrayDataProvider2",
      "defaultValue": {
        "itemType": "get_Employee",
        "keyAttributes": [
          "id"
        ]
      }
    },
    "qualificationListSDP": {
      "type": "vb/ServiceDataProvider",
      "defaultValue": {
        "endpoint": "businessObjects/getall_Qualification",
        "keyAttributes": "qualification",
        "itemsPath": "items",
        "responseType": "page:getallQualificationResponse"
      }
    }
  },
  "metadata": {},
  "types": {
    "@decorators.get_Employee": {
      "endpoint": "get_Employee",
      "service": "businessObjects",
      "path": "response"
    },
    "@decorators.getallQualificationResponse": {
      "endpoint": "getall_Qualification",
      "service": "businessObjects",
      "path": "response"
    },
    "get_Employee": {
      "age": "number",
      "contactNumber": "string",
      "emailAddress": "string",
      "firstName": "string",
      "fullName": "string",
      "id": "number",
      "lastName": "string",
      "qualification": "string"
    },
    "getallQualificationResponse": {
      "items": [
        {
          "qualification": "string"
        }
      ]
    }
  },
  "chains": {
    "ButtonActionChain": {
      "description": "",
      "root": "forEachEmployeeADP",
      "actions": {
        "forEachEmployeeADP": {
          "module": "vb/action/builtin/forEachAction",
          "parameters": {
            "items": "{{ $page.variables.EmployeeADP.data }}",
            "actionId": "callRestEndpointUpdateEmployee"
          },
          "outcomes": {
            "success": "fireNotification2"
          }
        },
        "fireNotification1": {
          "module": "vb/action/builtin/fireNotificationEventAction",
          "parameters": {
            "target": "leaf",
            "summary": "[[ $chain.results.callRestEndpointUpdateEmployee.message.summary ]]",
            "type": "error",
            "displayMode": "persist"
          }
        },
        "callRestEndpointUpdateEmployee": {
          "module": "vb/action/builtin/restAction",
          "parameters": {
            "endpoint": "businessObjects/update_Employee",
            "uriParams": {
              "Employee_Id": "{{ $page.variables.EmployeeADP.data[$current.index].id }}"
            },
            "body": "{{ $page.variables.EmployeeADP.data[$current.index] }}"
          },
          "outcomes": {
            "failure": "fireNotification1"
          }
        },
        "fireNotification2": {
          "module": "vb/action/builtin/fireNotificationEventAction",
          "parameters": {
            "target": "leaf",
            "summary": "Records have been modified",
            "type": "confirmation",
            "displayMode": "transient"
          }
        }
      },
      "variables": {
        "detail": {
          "required": true,
          "type": "any",
          "input": "fromCaller"
        }
      }
    },
    "ButtonActionChain1": {
      "description": "",
      "root": "callComponentMethod1",
      "actions": {
        "callComponentMethod1": {
          "module": "vb/action/builtin/callComponentMethodAction",
          "parameters": {
            "component": "{{ document.getElementById('delete-user-dialog') }}",
            "method": "close"
          }
        }
      },
      "variables": {
        "detail": {
          "required": true,
          "type": "any",
          "input": "fromCaller"
        }
      }
    },
    "ButtonActionChain2": {
      "description": "",
      "root": "callRestEndpointDeleteEmployee",
      "actions": {
        "fireNotification1": {
          "module": "vb/action/builtin/fireNotificationEventAction",
          "parameters": {
            "target": "leaf",
            "summary": "[[ $chain.results.callRestEndpointDeleteEmployee.message.summary ]]",
            "type": "error",
            "displayMode": "persist"
          }
        },
        "callRestEndpointDeleteEmployee": {
          "module": "vb/action/builtin/restAction",
          "parameters": {
            "endpoint": "businessObjects/delete_Employee",
            "uriParams": {
              "Employee_Id": "{{ $page.variables.deletingEmployeeId }}"
            }
          },
          "outcomes": {
            "failure": "fireNotification1",
            "success": "callActionChain1"
          }
        },
        "callActionChain1": {
          "module": "vb/action/builtin/callChainAction",
          "parameters": {
            "id": "loadEmployeeData"
          },
          "outcomes": {
            "success": "fireDataProviderEvent1"
          }
        },
        "fireDataProviderEvent1": {
          "module": "vb/action/builtin/fireDataProviderEventAction",
          "parameters": {
            "target": "[[ $page.variables.EmployeeADP ]]",
            "refresh": null
          },
          "outcomes": {
            "success": "callComponentMethod1"
          }
        },
        "callComponentMethod1": {
          "module": "vb/action/builtin/callComponentMethodAction",
          "parameters": {
            "component": "{{ document.getElementById('delete-user-dialog') }}",
            "method": "close"
          }
        }
      },
      "variables": {
        "detail": {
          "required": true,
          "type": "any",
          "input": "fromCaller"
        }
      }
    },
    "IconClickChain": {
      "description": "",
      "root": "assignVariables1",
      "actions": {
        "assignVariables1": {
          "module": "vb/action/builtin/assignVariablesAction",
          "parameters": {
            "$page.variables.deletingEmployeeId": {
              "source": "{{ $variables.key[0] }}"
            },
            "$page.variables.deletingEmployeeName": {
              "source": "{{ $page.variables.EmployeeADP.data[$variables.index].fullName }}"
            }
          },
          "outcomes": {
            "success": "callComponentMethod1"
          }
        },
        "callComponentMethod1": {
          "module": "vb/action/builtin/callComponentMethodAction",
          "parameters": {
            "component": "{{ document.getElementById('delete-user-dialog') }}",
            "method": "open"
          }
        }
      },
      "variables": {
        "detail": {
          "required": true,
          "type": "any",
          "input": "fromCaller"
        },
        "key": {
          "required": true,
          "type": "any",
          "input": "fromCaller"
        },
        "index": {
          "required": true,
          "type": "number",
          "input": "fromCaller"
        },
        "current": {
          "required": true,
          "type": "any",
          "input": "fromCaller"
        }
      }
    },
    "loadEmployeeData": {
      "root": "callRestEndpointEmployee",
      "description": "",
      "variables": {},
      "actions": {
        "fireNotification1": {
          "module": "vb/action/builtin/fireNotificationEventAction",
          "parameters": {
            "target": "leaf",
            "summary": "[[ $chain.results.callRestEndpointEmployee.message.summary ]]",
            "type": "error",
            "displayMode": "persist"
          }
        },
        "callRestEndpointEmployee": {
          "module": "vb/action/builtin/restAction",
          "parameters": {
            "endpoint": "businessObjects/getall_Employee"
          },
          "outcomes": {
            "failure": "fireNotification1",
            "success": "assignVariables1"
          }
        },
        "assignVariables1": {
          "module": "vb/action/builtin/assignVariablesAction",
          "parameters": {
            "$page.variables.EmployeeADP": {
              "source": {
                "data": "{{ $chain.results.callRestEndpointEmployee.body.items }}"
              },
              "reset": "none",
              "auto": "always",
              "mapping": {
                "$target.data": {
                  "source": "$source.data",
                  "reset": "empty"
                }
              }
            }
          }
        }
      }
    },
    "new": {
      "root": "forEachEmployeeADP",
      "description": "",
      "actions": {
        "forEachEmployeeADP": {
          "module": "vb/action/builtin/forEachAction",
          "parameters": {
            "items": "{{ $page.variables.EmployeeADP.data }}",
            "actionId": "callRestEndpointUpdateEmployee"
          }
        },
        "fireNotification1": {
          "module": "vb/action/builtin/fireNotificationEventAction",
          "parameters": {
            "target": "leaf",
            "summary": "[[ $chain.results.callRestEndpointUpdateEmployee.message.summary ]]",
            "type": "error",
            "displayMode": "persist"
          }
        },
        "callRestEndpointUpdateEmployee": {
          "module": "vb/action/builtin/restAction",
          "parameters": {},
          "outcomes": {
            "failure": "fireNotification1"
          }
        }
      }
    },
    "TableBeforeRowEditChain": {
      "description": "",
      "root": "assignVariables1",
      "actions": {
        "assignVariables1": {
          "module": "vb/action/builtin/assignVariablesAction",
          "parameters": {
            "$page.variables.CurrentEditRow": {
              "source": "{{ $variables.rowData }}",
              "auto": "always"
            }
          }
        }
      },
      "variables": {
        "rowKey": {
          "required": true,
          "type": "any",
          "input": "fromCaller"
        },
        "rowIndex": {
          "required": true,
          "type": "number",
          "input": "fromCaller"
        },
        "rowData": {
          "required": true,
          "type": "any",
          "input": "fromCaller"
        }
      }
    },
    "TableBeforeRowEditEndChain": {
      "description": "",
      "root": "fireDataProviderEvent1",
      "actions": {
        "fireDataProviderEvent1": {
          "module": "vb/action/builtin/fireDataProviderEventAction",
          "parameters": {
            "target": "[[ $page.variables.EmployeeADP ]]",
            "update": {
              "data": "{{ $page.variables.CurrentEditRow }}"
            }
          }
        }
      },
      "variables": {
        "cancelEdit": {
          "required": true,
          "type": "any",
          "input": "fromCaller"
        },
        "rowKey": {
          "required": true,
          "type": "any",
          "input": "fromCaller"
        },
        "rowIndex": {
          "required": true,
          "type": "number",
          "input": "fromCaller"
        },
        "rowData": {
          "required": true,
          "type": "any",
          "input": "fromCaller"
        }
      }
    }
  },
  "eventListeners": {
    "ojButtonOjAction": {
      "chains": [
        {
          "chainId": "ButtonActionChain",
          "parameters": {
            "detail": "{{ $event.detail }}"
          }
        }
      ]
    },
    "ojButtonOjAction2": {
      "chains": [
        {
          "chainId": "ButtonActionChain1",
          "parameters": {
            "detail": "{{ $event.detail }}"
          }
        }
      ]
    },
    "ojButtonOjAction3": {
      "chains": [
        {
          "chainId": "ButtonActionChain2",
          "parameters": {
            "detail": "{{ $event.detail }}"
          }
        }
      ]
    },
    "ojTableOjBeforeRowEdit": {
      "chains": [
        {
          "chainId": "TableBeforeRowEditChain",
          "parameters": {
            "rowKey": "{{$event.detail.rowContext.status.rowKey}}",
            "rowIndex": "{{$event.detail.rowContext.status.rowIndex}}",
            "rowData": "{{$event.detail.rowContext.componentElement.getDataForVisibleRow($event.detail.rowContext.status.rowIndex).data}}"
          }
        }
      ]
    },
    "ojTableOjBeforeRowEditEnd": {
      "chains": [
        {
          "chainId": "TableBeforeRowEditEndChain",
          "parameters": {
            "cancelEdit": "{{$event.detail.cancelEdit}}",
            "rowKey": "{{$event.detail.rowContext.status.rowKey}}",
            "rowIndex": "{{$event.detail.rowContext.status.rowIndex}}",
            "rowData": "{{$event.detail.rowContext.componentElement.getDataForVisibleRow($event.detail.rowContext.status.rowIndex).data}}"
          }
        }
      ]
    },
    "spanClick": {
      "chains": [
        {
          "chainId": "IconClickChain",
          "parameters": {
            "detail": "{{ $event.detail }}",
            "key": "{{ $current.key }}",
            "index": "{{ $current.index }}",
            "current": "{{ $current }}"
          }
        }
      ]
    },
    "vbEnter": {
      "chains": [
        {
          "chainId": "loadEmployeeData",
          "parameters": {}
        }
      ]
    }
  },
  "imports": {
    "components": {
      "oj-table": {
        "path": "ojs/ojtable"
      },
      "oj-input-text": {
        "path": "ojs/ojinputtext"
      },
      "oj-select-single": {
        "path": "ojs/ojselectsingle"
      },
      "oj-input-number": {
        "path": "ojs/ojinputnumber"
      },
      "oj-button": {
        "path": "ojs/ojbutton"
      },
      "oj-dialog": {
        "path": "ojs/ojdialog"
      }
    }
  }
}