{
  "pageModelVersion": "2010.0.0",
  "title": "",
  "description": "",
  "variables": {
    "employeeListSDP": {
      "type": "vb/ServiceDataProvider",
      "defaultValue": {
        "endpoint": "businessObjects/getall_Employee",
        "keyAttributes": "id",
        "itemsPath": "items",
        "responseType": "page:getallEmployeeResponse"
      }
    }
  },
  "metadata": {},
  "types": {
    "@decorators.getallEmployeeResponse": {
      "endpoint": "getall_Employee",
      "service": "businessObjects",
      "path": "response"
    },
    "getallEmployeeResponse": {
      "items": [
        {
          "emailAddress": "string",
          "id": "number"
        }
      ]
    }
  },
  "chains": {},
  "eventListeners": {},
  "imports": {
    "components": {
      "oj-checkboxset": {
        "path": "ojs/ojcheckboxset"
      },
      "oj-option": {
        "path": "ojs/ojoption"
      }
    }
  }
}