{
    "fields": [
        {
            "displayLabel": "Id",
            "internal": true,
            "key": true,
            "name": "id",
            "oid": "c6d44bdd-3c2f-40fe-bd80-b16822d29110",
            "required": true,
            "type": "number",
            "unique": true
        },
        {
            "displayLabel": "Created",
            "internal": true,
            "name": "creationDate",
            "oid": "f9a1107d-f3c2-4ace-9ef9-ea4617b30c63",
            "type": "datetime"
        },
        {
            "displayLabel": "Last Updated",
            "internal": true,
            "name": "lastUpdateDate",
            "oid": "68cefde6-1aa0-4ac2-b71a-03e719902a08",
            "type": "datetime"
        },
        {
            "displayLabel": "Created By",
            "internal": true,
            "name": "createdBy",
            "oid": "77012c5f-9014-4fa6-aac2-c6d388528ff2",
            "type": "string"
        },
        {
            "displayLabel": "Last Updated By",
            "internal": true,
            "name": "lastUpdatedBy",
            "oid": "3f21b825-dc29-4ebb-9006-a8dd3b5a4b9b",
            "type": "string"
        },
        {
            "displayLabel": "<internal>",
            "hidden": true,
            "internal": true,
            "name": "abcsChangeNumber",
            "oid": "5f0994b5-316d-4294-8c44-5c601b33c765",
            "type": "number"
        },
        {
            "name": "qualification",
            "oid": "20be75a1-102c-45b3-8252-9f5355aaa1ca",
            "displayLabel": "qualification",
            "type": "string"
        }
    ],
    "name": "Qualification",
    "oid": "31edb673-a908-43aa-9e62-0f965ff3628c",
    "displayLabel": "Qualification"
}