id,creationDate,lastUpdateDate,createdBy,lastUpdatedBy,qualification
1,2021-01-08T11:13:29,2021-01-08T11:13:29.009,ankur.jain1@techsupper.com,ankur.jain1@techsupper.com,MBA
2,2021-01-08T11:13:34,2021-01-08T11:13:34.003,ankur.jain1@techsupper.com,ankur.jain1@techsupper.com,MCA
3,2021-01-08T11:13:39,2021-01-08T11:13:39.003,ankur.jain1@techsupper.com,ankur.jain1@techsupper.com,BBA
4,2021-01-08T11:13:45,2021-01-08T11:13:45.003,ankur.jain1@techsupper.com,ankur.jain1@techsupper.com,BCA
5,2021-01-08T11:13:53,2021-01-08T11:13:53.003,ankur.jain1@techsupper.com,ankur.jain1@techsupper.com,BTech
