{
    "profiles": [
        {
            "displayName": "Base configuration",
            "id": "base_configuration",
            "description": "Default development profile in VBCS",
            "mobileBuildConfiguration": {
                "chapter11": {
                    "android": "AndroidBuild1_03533091881750836",
                    "ios": "iOSBuild1_04629527535689344"
                }
            }
        }
    ],
    "defaults": {
        "dev": "base_configuration",
        "stage": "base_configuration",
        "publish": "base_configuration"
    }
}