{
    "fields": [
        {
            "displayLabel": "Id",
            "internal": true,
            "key": true,
            "name": "id",
            "oid": "6ce9df6f-05ca-4912-8c53-86554167dde1",
            "required": true,
            "type": "number",
            "unique": true
        },
        {
            "displayLabel": "Created",
            "internal": true,
            "name": "creationDate",
            "oid": "87e1575c-b0d4-43e3-962f-f55c4491a5fb",
            "type": "datetime"
        },
        {
            "displayLabel": "Last Updated",
            "internal": true,
            "name": "lastUpdateDate",
            "oid": "c8c415ca-e3dc-477a-ae1a-0aa1fbbe2967",
            "type": "datetime"
        },
        {
            "displayLabel": "Created By",
            "internal": true,
            "name": "createdBy",
            "oid": "ecd148ce-8768-4b54-85b3-8d265c9d6a90",
            "type": "string"
        },
        {
            "displayLabel": "Last Updated By",
            "internal": true,
            "name": "lastUpdatedBy",
            "oid": "2650b109-8981-4201-bd59-b5005cb204fa",
            "type": "string"
        },
        {
            "displayLabel": "<internal>",
            "hidden": true,
            "internal": true,
            "name": "abcsChangeNumber",
            "oid": "722f9e7a-a42b-4ea2-aa33-6a3ea651c8bb",
            "type": "number"
        },
        {
            "name": "address1",
            "oid": "746d6397-ef03-41a6-a606-c002095086a0",
            "displayLabel": "Address1",
            "type": "string"
        },
        {
            "name": "address2",
            "oid": "069c0b7e-fc78-45a2-8e7c-35bb6cb68c2f",
            "displayLabel": "Address2",
            "type": "string"
        },
        {
            "name": "country",
            "oid": "689da288-8bff-440e-b19c-41ff16b266fa",
            "displayLabel": "Country",
            "type": "string"
        },
        {
            "name": "state",
            "oid": "c7d47a21-bb43-49f9-8cb1-655e3e5d2b38",
            "displayLabel": "State",
            "type": "string"
        },
        {
            "name": "city",
            "oid": "96eaab09-0208-495c-b590-7b2faa6f63a6",
            "displayLabel": "City",
            "type": "string"
        },
        {
            "name": "zipCode",
            "oid": "ff3cb81d-cf6e-4bba-94f0-9d0f4677fc16",
            "displayLabel": "Zip Code",
            "type": "number"
        },
        {
            "name": "employeeId",
            "oid": "8b9d7b8c-f789-4605-9265-27405face16a",
            "displayLabel": "Employee Id",
            "type": "reference"
        }
    ],
    "name": "Address",
    "oid": "0a9ae8c7-eed2-45dc-ba0c-e946e856c6ee",
    "displayLabel": "Address",
    "relationships": [
        {
            "name": "employeeIdObject",
            "reverseRelationship": "addressCollection",
            "targetEntity": "Employee",
            "type": "outgoing",
            "exposeAccessor": true,
            "mappingField": "employeeId",
            "deleteRule": "restrict"
        }
    ]
}