{
  "flowModelVersion": "2010.0.0",
  "id": "book-appointment",
  "description": "Flow main",
  "defaultPage": "book-appointment-start",
  "chains": {},
  "services": {},
  "types": {
    "@decorators.create_Appointment": {
      "endpoint": "create_Appointment",
      "service": "businessObjects",
      "path": "request"
    },
    "@decorators.get_Doctors": {
      "endpoint": "get_Doctors",
      "service": "businessObjects",
      "path": "response"
    },
    "create_Appointment": {
      "address": "string",
      "appointmentDateTime": "string",
      "appointmentNote": "string",
      "doctorEmail": "string",
      "doctorName": "string",
      "expertise": "string",
      "id": "number"
    },
    "get_Doctors": {
      "about": "string",
      "degree": "string",
      "doctorEmail": "string",
      "doctorName": "string",
      "id": "number"
    }
  },
  "variables": {
    "DoctorDetails": {
      "type": "get_Doctors"
    },
    "NewAppointment": {
      "type": "create_Appointment"
    }
  }
}