{
    "displayLabel": "Countries",
    "fields": [
        {
            "displayLabel": "Id",
            "internal": true,
            "key": true,
            "name": "id",
            "oid": "1595ef64-ba0a-45d8-9363-a9199abcde3e",
            "required": true,
            "type": "number",
            "unique": true
        },
        {
            "displayLabel": "Created",
            "internal": true,
            "name": "creationDate",
            "oid": "6b505129-7f55-4f3b-92f7-8bec1eaca425",
            "type": "datetime"
        },
        {
            "displayLabel": "Last Updated",
            "internal": true,
            "name": "lastUpdateDate",
            "oid": "b4038ea9-27d7-4fd3-8688-ac0d8e879ffe",
            "type": "datetime"
        },
        {
            "displayLabel": "Created By",
            "internal": true,
            "name": "createdBy",
            "oid": "2100a007-0a2b-4c2d-9b07-26d17f686b49",
            "type": "string"
        },
        {
            "displayLabel": "Last Updated By",
            "internal": true,
            "name": "lastUpdatedBy",
            "oid": "fd333866-136a-45ae-a82b-e032cdcd3b69",
            "type": "string"
        },
        {
            "displayLabel": "<internal>",
            "hidden": true,
            "internal": true,
            "name": "abcsChangeNumber",
            "oid": "542c533f-904a-418e-8496-9e6bc0eeeb78",
            "type": "number"
        },
        {
            "displayLabel": "Country",
            "name": "country",
            "oid": "0c54e9b6-6e5e-46ba-9f80-9daa0d235d65",
            "type": "string"
        },
        {
            "displayLabel": "Region",
            "name": "region",
            "oid": "d7cf9800-f532-407b-9612-5b21edc78343",
            "type": "string"
        },
        {
            "displayLabel": "Population",
            "name": "population",
            "oid": "38fdcb8c-75c7-44ef-ae65-834761b130c8",
            "type": "number"
        },
        {
            "displayLabel": "GDP",
            "name": "gDP",
            "oid": "dd0b011d-fd85-4447-86d2-55759013d0ea",
            "type": "number"
        },
        {
            "displayLabel": "Literacy",
            "name": "literacy",
            "oid": "35aab35f-0b78-45da-b92c-384f5fa3ca83",
            "type": "number"
        },
        {
            "displayLabel": "Birthrate",
            "name": "birthrate",
            "oid": "e694f917-e6c5-4b73-8894-2ee099f3a3f7",
            "type": "number"
        },
        {
            "displayLabel": "Deathrate",
            "name": "deathrate",
            "oid": "32445f76-27ea-46e7-939b-667a37c4f84b",
            "type": "number"
        }
    ],
    "name": "Countries",
    "oid": "3add9861-5055-44ab-b7d1-5124c09e1460"
}