id,creationDate,lastUpdateDate,createdBy,lastUpdatedBy,country,region,population,gDP,literacy,birthrate,deathrate
1,2021-02-27T14:03:02,2021-02-27T14:03:02,ankur.jain1@techsupper.com,ankur.jain1@techsupper.com,Afghanistan ,ASIA (EX. NEAR EAST)         ,3.1056997E7,700.0,36.0,46.6,20.34
2,2021-02-27T14:03:02,2021-02-27T14:03:02,ankur.jain1@techsupper.com,ankur.jain1@techsupper.com,Albania ,EASTERN EUROPE                     ,3581655.0,4500.0,86.5,15.11,5.22
3,2021-02-27T14:03:02,2021-02-27T14:03:02,ankur.jain1@techsupper.com,ankur.jain1@techsupper.com,Algeria ,NORTHERN AFRICA                    ,3.2930091E7,6000.0,70.0,17.14,4.61
4,2021-02-27T14:03:02,2021-02-27T14:03:02,ankur.jain1@techsupper.com,ankur.jain1@techsupper.com,American Samoa ,OCEANIA                            ,57794.0,8000.0,97.0,22.46,3.27
5,2021-02-27T14:03:02,2021-02-27T14:03:02,ankur.jain1@techsupper.com,ankur.jain1@techsupper.com,Andorra ,WESTERN EUROPE                     ,71201.0,19000.0,100.0,8.71,6.25
6,2021-02-27T14:03:02,2021-02-27T14:03:02,ankur.jain1@techsupper.com,ankur.jain1@techsupper.com,Angola ,SUB-SAHARAN AFRICA                 ,1.2127071E7,1900.0,42.0,45.11,24.2
7,2021-02-27T14:03:02,2021-02-27T14:03:02,ankur.jain1@techsupper.com,ankur.jain1@techsupper.com,Anguilla ,LATIN AMER. & CARIB    ,13477.0,8600.0,95.0,14.17,5.34
8,2021-02-27T14:03:02,2021-02-27T14:03:02,ankur.jain1@techsupper.com,ankur.jain1@techsupper.com,Antigua & Barbuda ,LATIN AMER. & CARIB    ,69108.0,11000.0,89.0,16.93,5.37
9,2021-02-27T14:03:02,2021-02-27T14:03:02,ankur.jain1@techsupper.com,ankur.jain1@techsupper.com,Argentina ,LATIN AMER. & CARIB    ,3.9921833E7,11200.0,97.1,16.73,7.55
10,2021-02-27T14:03:02,2021-02-27T14:03:02,ankur.jain1@techsupper.com,ankur.jain1@techsupper.com,Armenia ,C.W. OF IND. STATES ,2976372.0,3500.0,98.6,12.07,8.23
11,2021-02-27T14:03:02,2021-02-27T14:03:02,ankur.jain1@techsupper.com,ankur.jain1@techsupper.com,Aruba ,LATIN AMER. & CARIB    ,71891.0,28000.0,97.0,11.03,6.68
12,2021-02-27T14:03:02,2021-02-27T14:03:02,ankur.jain1@techsupper.com,ankur.jain1@techsupper.com,Australia ,OCEANIA                            ,2.0264082E7,29000.0,100.0,12.14,7.51
13,2021-02-27T14:03:02,2021-02-27T14:03:02,ankur.jain1@techsupper.com,ankur.jain1@techsupper.com,Austria ,WESTERN EUROPE                     ,8192880.0,30000.0,98.0,8.74,9.76
14,2021-02-27T14:03:02,2021-02-27T14:03:02,ankur.jain1@techsupper.com,ankur.jain1@techsupper.com,Azerbaijan ,C.W. OF IND. STATES ,7961619.0,3400.0,97.0,20.74,9.75
15,2021-02-27T14:03:02,2021-02-27T14:03:02,ankur.jain1@techsupper.com,ankur.jain1@techsupper.com,"Bahamas, The ",LATIN AMER. & CARIB    ,303770.0,16700.0,95.6,17.57,9.05
16,2021-02-27T14:03:02,2021-02-27T14:03:02,ankur.jain1@techsupper.com,ankur.jain1@techsupper.com,Bahrain ,NEAR EAST                          ,698585.0,16900.0,89.1,17.8,4.14
17,2021-02-27T14:03:02,2021-02-27T14:03:02,ankur.jain1@techsupper.com,ankur.jain1@techsupper.com,Bangladesh ,ASIA (EX. NEAR EAST)         ,1.47365352E8,1900.0,43.1,29.8,8.27
18,2021-02-27T14:03:02,2021-02-27T14:03:02,ankur.jain1@techsupper.com,ankur.jain1@techsupper.com,Barbados ,LATIN AMER. & CARIB    ,279912.0,15700.0,97.4,12.71,8.67
19,2021-02-27T14:03:02,2021-02-27T14:03:02,ankur.jain1@techsupper.com,ankur.jain1@techsupper.com,Belarus ,C.W. OF IND. STATES ,1.0293011E7,6100.0,99.6,11.16,14.02
20,2021-02-27T14:03:02,2021-02-27T14:03:02,ankur.jain1@techsupper.com,ankur.jain1@techsupper.com,Belgium ,WESTERN EUROPE                     ,1.0379067E7,29100.0,98.0,10.38,10.27
21,2021-02-27T14:03:02,2021-02-27T14:03:02,ankur.jain1@techsupper.com,ankur.jain1@techsupper.com,Belize ,LATIN AMER. & CARIB    ,287730.0,4900.0,94.1,28.84,5.72
22,2021-02-27T14:03:02,2021-02-27T14:03:02,ankur.jain1@techsupper.com,ankur.jain1@techsupper.com,Benin ,SUB-SAHARAN AFRICA                 ,7862944.0,1100.0,40.9,38.85,12.22
23,2021-02-27T14:03:02,2021-02-27T14:03:02,ankur.jain1@techsupper.com,ankur.jain1@techsupper.com,Bermuda ,NORTHERN AMERICA                   ,65773.0,36000.0,98.0,11.4,7.74
24,2021-02-27T14:03:02,2021-02-27T14:03:02,ankur.jain1@techsupper.com,ankur.jain1@techsupper.com,Bhutan ,ASIA (EX. NEAR EAST)         ,2279723.0,1300.0,42.2,33.65,12.7
25,2021-02-27T14:03:02,2021-02-27T14:03:02,ankur.jain1@techsupper.com,ankur.jain1@techsupper.com,Bolivia ,LATIN AMER. & CARIB    ,8989046.0,2400.0,87.2,23.3,7.53
26,2021-02-27T14:03:02,2021-02-27T14:03:02,ankur.jain1@techsupper.com,ankur.jain1@techsupper.com,Bosnia & Herzegovina ,EASTERN EUROPE                     ,4498976.0,6100.0,,8.77,8.27
27,2021-02-27T14:03:02,2021-02-27T14:03:02,ankur.jain1@techsupper.com,ankur.jain1@techsupper.com,Botswana ,SUB-SAHARAN AFRICA                 ,1639833.0,9000.0,79.8,23.08,29.5
28,2021-02-27T14:03:02,2021-02-27T14:03:02,ankur.jain1@techsupper.com,ankur.jain1@techsupper.com,Brazil ,LATIN AMER. & CARIB    ,1.88078227E8,7600.0,86.4,16.56,6.17
29,2021-02-27T14:03:02,2021-02-27T14:03:02,ankur.jain1@techsupper.com,ankur.jain1@techsupper.com,British Virgin Is. ,LATIN AMER. & CARIB    ,23098.0,16000.0,97.8,14.89,4.42
30,2021-02-27T14:03:02,2021-02-27T14:03:02,ankur.jain1@techsupper.com,ankur.jain1@techsupper.com,Brunei ,ASIA (EX. NEAR EAST)         ,379444.0,18600.0,93.9,18.79,3.45
31,2021-02-27T14:03:02,2021-02-27T14:03:02,ankur.jain1@techsupper.com,ankur.jain1@techsupper.com,Bulgaria ,EASTERN EUROPE                     ,7385367.0,7600.0,98.6,9.65,14.27
32,2021-02-27T14:03:02,2021-02-27T14:03:02,ankur.jain1@techsupper.com,ankur.jain1@techsupper.com,Burkina Faso ,SUB-SAHARAN AFRICA                 ,1.3902972E7,1100.0,26.6,45.62,15.6
33,2021-02-27T14:03:02,2021-02-27T14:03:02,ankur.jain1@techsupper.com,ankur.jain1@techsupper.com,Burma ,ASIA (EX. NEAR EAST)         ,4.7382633E7,1800.0,85.3,17.91,9.83
34,2021-02-27T14:03:02,2021-02-27T14:03:02,ankur.jain1@techsupper.com,ankur.jain1@techsupper.com,Burundi ,SUB-SAHARAN AFRICA                 ,8090068.0,600.0,51.6,42.22,13.46
35,2021-02-27T14:03:02,2021-02-27T14:03:02,ankur.jain1@techsupper.com,ankur.jain1@techsupper.com,Cambodia ,ASIA (EX. NEAR EAST)         ,1.3881427E7,1900.0,69.4,26.9,9.06
36,2021-02-27T14:03:02,2021-02-27T14:03:02,ankur.jain1@techsupper.com,ankur.jain1@techsupper.com,Cameroon ,SUB-SAHARAN AFRICA                 ,1.7340702E7,1800.0,79.0,33.89,13.47
37,2021-02-27T14:03:02,2021-02-27T14:03:02,ankur.jain1@techsupper.com,ankur.jain1@techsupper.com,Canada ,NORTHERN AMERICA                   ,3.3098932E7,29800.0,97.0,10.78,7.8
38,2021-02-27T14:03:02,2021-02-27T14:03:02,ankur.jain1@techsupper.com,ankur.jain1@techsupper.com,Cape Verde ,SUB-SAHARAN AFRICA                 ,420979.0,1400.0,76.6,24.87,6.55
39,2021-02-27T14:03:02,2021-02-27T14:03:02,ankur.jain1@techsupper.com,ankur.jain1@techsupper.com,Cayman Islands ,LATIN AMER. & CARIB    ,45436.0,35000.0,98.0,12.74,4.89
40,2021-02-27T14:03:02,2021-02-27T14:03:02,ankur.jain1@techsupper.com,ankur.jain1@techsupper.com,Central African Rep. ,SUB-SAHARAN AFRICA                 ,4303356.0,1100.0,51.0,33.91,18.65
41,2021-02-27T14:03:02,2021-02-27T14:03:02,ankur.jain1@techsupper.com,ankur.jain1@techsupper.com,Chad ,SUB-SAHARAN AFRICA                 ,9944201.0,1200.0,47.5,45.73,16.38
42,2021-02-27T14:03:02,2021-02-27T14:03:02,ankur.jain1@techsupper.com,ankur.jain1@techsupper.com,Chile ,LATIN AMER. & CARIB    ,1.6134219E7,9900.0,96.2,15.23,5.81
43,2021-02-27T14:03:02,2021-02-27T14:03:02,ankur.jain1@techsupper.com,ankur.jain1@techsupper.com,China ,ASIA (EX. NEAR EAST)         ,1.313973713E9,5000.0,90.9,13.25,6.97
44,2021-02-27T14:03:02,2021-02-27T14:03:02,ankur.jain1@techsupper.com,ankur.jain1@techsupper.com,Colombia ,LATIN AMER. & CARIB    ,4.3593035E7,6300.0,92.5,20.48,5.58
45,2021-02-27T14:03:02,2021-02-27T14:03:02,ankur.jain1@techsupper.com,ankur.jain1@techsupper.com,Comoros ,SUB-SAHARAN AFRICA                 ,690948.0,700.0,56.5,36.93,8.2
46,2021-02-27T14:03:02,2021-02-27T14:03:02,ankur.jain1@techsupper.com,ankur.jain1@techsupper.com,"Congo, Dem. Rep. ",SUB-SAHARAN AFRICA                 ,6.2660551E7,700.0,65.5,43.69,13.27
47,2021-02-27T14:03:02,2021-02-27T14:03:02,ankur.jain1@techsupper.com,ankur.jain1@techsupper.com,"Congo, Repub. of the ",SUB-SAHARAN AFRICA                 ,3702314.0,700.0,83.8,42.57,12.93
48,2021-02-27T14:03:02,2021-02-27T14:03:02,ankur.jain1@techsupper.com,ankur.jain1@techsupper.com,Cook Islands ,OCEANIA                            ,21388.0,5000.0,95.0,21.0,
49,2021-02-27T14:03:02,2021-02-27T14:03:02,ankur.jain1@techsupper.com,ankur.jain1@techsupper.com,Costa Rica ,LATIN AMER. & CARIB    ,4075261.0,9100.0,96.0,18.32,4.36
50,2021-02-27T14:03:02,2021-02-27T14:03:02,ankur.jain1@techsupper.com,ankur.jain1@techsupper.com,Cote d'Ivoire ,SUB-SAHARAN AFRICA                 ,1.7654843E7,1400.0,50.9,35.11,14.84
51,2021-02-27T14:03:02,2021-02-27T14:03:02,ankur.jain1@techsupper.com,ankur.jain1@techsupper.com,Croatia ,EASTERN EUROPE                     ,4494749.0,10600.0,98.5,9.61,11.48
52,2021-02-27T14:03:02,2021-02-27T14:03:02,ankur.jain1@techsupper.com,ankur.jain1@techsupper.com,Cuba ,LATIN AMER. & CARIB    ,1.138282E7,2900.0,97.0,11.89,7.22
53,2021-02-27T14:03:02,2021-02-27T14:03:02,ankur.jain1@techsupper.com,ankur.jain1@techsupper.com,Cyprus ,NEAR EAST                          ,784301.0,19200.0,97.6,12.56,7.68
54,2021-02-27T14:03:02,2021-02-27T14:03:02,ankur.jain1@techsupper.com,ankur.jain1@techsupper.com,Czech Republic ,EASTERN EUROPE                     ,1.0235455E7,15700.0,99.9,9.02,10.59
55,2021-02-27T14:03:02,2021-02-27T14:03:02,ankur.jain1@techsupper.com,ankur.jain1@techsupper.com,Denmark ,WESTERN EUROPE                     ,5450661.0,31100.0,100.0,11.13,10.36
56,2021-02-27T14:03:02,2021-02-27T14:03:02,ankur.jain1@techsupper.com,ankur.jain1@techsupper.com,Djibouti ,SUB-SAHARAN AFRICA                 ,486530.0,1300.0,67.9,39.53,19.31
57,2021-02-27T14:03:02,2021-02-27T14:03:02,ankur.jain1@techsupper.com,ankur.jain1@techsupper.com,Dominica ,LATIN AMER. & CARIB    ,68910.0,5400.0,94.0,15.27,6.73
58,2021-02-27T14:03:02,2021-02-27T14:03:02,ankur.jain1@techsupper.com,ankur.jain1@techsupper.com,Dominican Republic ,LATIN AMER. & CARIB    ,9183984.0,6000.0,84.7,23.22,5.73
59,2021-02-27T14:03:02,2021-02-27T14:03:02,ankur.jain1@techsupper.com,ankur.jain1@techsupper.com,East Timor ,ASIA (EX. NEAR EAST)         ,1062777.0,500.0,58.6,26.99,6.24
60,2021-02-27T14:03:02,2021-02-27T14:03:02,ankur.jain1@techsupper.com,ankur.jain1@techsupper.com,Ecuador ,LATIN AMER. & CARIB    ,1.354751E7,3300.0,92.5,22.29,4.23
61,2021-02-27T14:03:02,2021-02-27T14:03:02,ankur.jain1@techsupper.com,ankur.jain1@techsupper.com,Egypt ,NORTHERN AFRICA                    ,7.8887007E7,4000.0,57.7,22.94,5.23
62,2021-02-27T14:03:02,2021-02-27T14:03:02,ankur.jain1@techsupper.com,ankur.jain1@techsupper.com,El Salvador ,LATIN AMER. & CARIB    ,6822378.0,4800.0,80.2,26.61,5.78
63,2021-02-27T14:03:02,2021-02-27T14:03:02,ankur.jain1@techsupper.com,ankur.jain1@techsupper.com,Equatorial Guinea ,SUB-SAHARAN AFRICA                 ,540109.0,2700.0,85.7,35.59,15.06
64,2021-02-27T14:03:02,2021-02-27T14:03:02,ankur.jain1@techsupper.com,ankur.jain1@techsupper.com,Eritrea ,SUB-SAHARAN AFRICA                 ,4786994.0,700.0,58.6,34.33,9.6
65,2021-02-27T14:03:02,2021-02-27T14:03:02,ankur.jain1@techsupper.com,ankur.jain1@techsupper.com,Estonia ,BALTICS                            ,1324333.0,12300.0,99.8,10.04,13.25
66,2021-02-27T14:03:02,2021-02-27T14:03:02,ankur.jain1@techsupper.com,ankur.jain1@techsupper.com,Ethiopia ,SUB-SAHARAN AFRICA                 ,7.4777981E7,700.0,42.7,37.98,14.86
67,2021-02-27T14:03:02,2021-02-27T14:03:02,ankur.jain1@techsupper.com,ankur.jain1@techsupper.com,Faroe Islands ,WESTERN EUROPE                     ,47246.0,22000.0,,14.05,8.7
68,2021-02-27T14:03:02,2021-02-27T14:03:02,ankur.jain1@techsupper.com,ankur.jain1@techsupper.com,Fiji ,OCEANIA                            ,905949.0,5800.0,93.7,22.55,5.65
69,2021-02-27T14:03:02,2021-02-27T14:03:02,ankur.jain1@techsupper.com,ankur.jain1@techsupper.com,Finland ,WESTERN EUROPE                     ,5231372.0,27400.0,100.0,10.45,9.86
70,2021-02-27T14:03:02,2021-02-27T14:03:02,ankur.jain1@techsupper.com,ankur.jain1@techsupper.com,France ,WESTERN EUROPE                     ,6.0876136E7,27600.0,99.0,11.99,9.14
71,2021-02-27T14:03:02,2021-02-27T14:03:02,ankur.jain1@techsupper.com,ankur.jain1@techsupper.com,French Guiana ,LATIN AMER. & CARIB    ,199509.0,8300.0,83.0,20.46,4.88
72,2021-02-27T14:03:02,2021-02-27T14:03:02,ankur.jain1@techsupper.com,ankur.jain1@techsupper.com,French Polynesia ,OCEANIA                            ,274578.0,17500.0,98.0,16.68,4.69
73,2021-02-27T14:03:02,2021-02-27T14:03:02,ankur.jain1@techsupper.com,ankur.jain1@techsupper.com,Gabon ,SUB-SAHARAN AFRICA                 ,1424906.0,5500.0,63.2,36.16,12.25
74,2021-02-27T14:03:02,2021-02-27T14:03:02,ankur.jain1@techsupper.com,ankur.jain1@techsupper.com,"Gambia, The ",SUB-SAHARAN AFRICA                 ,1641564.0,1700.0,40.1,39.37,12.25
75,2021-02-27T14:03:02,2021-02-27T14:03:02,ankur.jain1@techsupper.com,ankur.jain1@techsupper.com,Gaza Strip ,NEAR EAST                          ,1428757.0,600.0,,39.45,3.8
76,2021-02-27T14:03:02,2021-02-27T14:03:02,ankur.jain1@techsupper.com,ankur.jain1@techsupper.com,Georgia ,C.W. OF IND. STATES ,4661473.0,2500.0,99.0,10.41,9.23
77,2021-02-27T14:03:02,2021-02-27T14:03:02,ankur.jain1@techsupper.com,ankur.jain1@techsupper.com,Germany ,WESTERN EUROPE                     ,8.2422299E7,27600.0,99.0,8.25,10.62
78,2021-02-27T14:03:02,2021-02-27T14:03:02,ankur.jain1@techsupper.com,ankur.jain1@techsupper.com,Ghana ,SUB-SAHARAN AFRICA                 ,2.2409572E7,2200.0,74.8,30.52,9.72
79,2021-02-27T14:03:02,2021-02-27T14:03:02,ankur.jain1@techsupper.com,ankur.jain1@techsupper.com,Gibraltar ,WESTERN EUROPE                     ,27928.0,17500.0,,10.74,9.31
80,2021-02-27T14:03:02,2021-02-27T14:03:02,ankur.jain1@techsupper.com,ankur.jain1@techsupper.com,Greece ,WESTERN EUROPE                     ,1.0688058E7,20000.0,97.5,9.68,10.24
81,2021-02-27T14:03:02,2021-02-27T14:03:02,ankur.jain1@techsupper.com,ankur.jain1@techsupper.com,Greenland ,NORTHERN AMERICA                   ,56361.0,20000.0,,15.93,7.84
82,2021-02-27T14:03:02,2021-02-27T14:03:02,ankur.jain1@techsupper.com,ankur.jain1@techsupper.com,Grenada ,LATIN AMER. & CARIB    ,89703.0,5000.0,98.0,22.08,6.88
83,2021-02-27T14:03:02,2021-02-27T14:03:02,ankur.jain1@techsupper.com,ankur.jain1@techsupper.com,Guadeloupe ,LATIN AMER. & CARIB    ,452776.0,8000.0,90.0,15.05,6.09
84,2021-02-27T14:03:02,2021-02-27T14:03:02,ankur.jain1@techsupper.com,ankur.jain1@techsupper.com,Guam ,OCEANIA                            ,171019.0,21000.0,99.0,18.79,4.48
85,2021-02-27T14:03:02,2021-02-27T14:03:02,ankur.jain1@techsupper.com,ankur.jain1@techsupper.com,Guatemala ,LATIN AMER. & CARIB    ,1.2293545E7,4100.0,70.6,29.88,5.2
86,2021-02-27T14:03:02,2021-02-27T14:03:02,ankur.jain1@techsupper.com,ankur.jain1@techsupper.com,Guernsey ,WESTERN EUROPE                     ,65409.0,20000.0,,8.81,10.01
87,2021-02-27T14:03:02,2021-02-27T14:03:02,ankur.jain1@techsupper.com,ankur.jain1@techsupper.com,Guinea ,SUB-SAHARAN AFRICA                 ,9690222.0,2100.0,35.9,41.76,15.48
88,2021-02-27T14:03:02,2021-02-27T14:03:02,ankur.jain1@techsupper.com,ankur.jain1@techsupper.com,Guinea-Bissau ,SUB-SAHARAN AFRICA                 ,1442029.0,800.0,42.4,37.22,16.53
89,2021-02-27T14:03:02,2021-02-27T14:03:02,ankur.jain1@techsupper.com,ankur.jain1@techsupper.com,Guyana ,LATIN AMER. & CARIB    ,767245.0,4000.0,98.8,18.28,8.28
90,2021-02-27T14:03:02,2021-02-27T14:03:02,ankur.jain1@techsupper.com,ankur.jain1@techsupper.com,Haiti ,LATIN AMER. & CARIB    ,8308504.0,1600.0,52.9,36.44,12.17
91,2021-02-27T14:03:02,2021-02-27T14:03:02,ankur.jain1@techsupper.com,ankur.jain1@techsupper.com,Honduras ,LATIN AMER. & CARIB    ,7326496.0,2600.0,76.2,28.24,5.28
92,2021-02-27T14:03:02,2021-02-27T14:03:02,ankur.jain1@techsupper.com,ankur.jain1@techsupper.com,Hong Kong ,ASIA (EX. NEAR EAST)         ,6940432.0,28800.0,93.5,7.29,6.29
93,2021-02-27T14:03:02,2021-02-27T14:03:02,ankur.jain1@techsupper.com,ankur.jain1@techsupper.com,Hungary ,EASTERN EUROPE                     ,9981334.0,13900.0,99.4,9.72,13.11
94,2021-02-27T14:03:02,2021-02-27T14:03:02,ankur.jain1@techsupper.com,ankur.jain1@techsupper.com,Iceland ,WESTERN EUROPE                     ,299388.0,30900.0,99.9,13.64,6.72
95,2021-02-27T14:03:02,2021-02-27T14:03:02,ankur.jain1@techsupper.com,ankur.jain1@techsupper.com,India ,ASIA (EX. NEAR EAST)         ,1.095351995E9,2900.0,59.5,22.01,8.18
96,2021-02-27T14:03:02,2021-02-27T14:03:02,ankur.jain1@techsupper.com,ankur.jain1@techsupper.com,Indonesia ,ASIA (EX. NEAR EAST)         ,2.45452739E8,3200.0,87.9,20.34,6.25
97,2021-02-27T14:03:02,2021-02-27T14:03:02,ankur.jain1@techsupper.com,ankur.jain1@techsupper.com,Iran ,ASIA (EX. NEAR EAST)         ,6.8688433E7,7000.0,79.4,17.0,5.55
98,2021-02-27T14:03:02,2021-02-27T14:03:02,ankur.jain1@techsupper.com,ankur.jain1@techsupper.com,Iraq ,NEAR EAST                          ,2.6783383E7,1500.0,40.4,31.98,5.37
99,2021-02-27T14:03:02,2021-02-27T14:03:02,ankur.jain1@techsupper.com,ankur.jain1@techsupper.com,Ireland ,WESTERN EUROPE                     ,4062235.0,29600.0,98.0,14.45,7.82
100,2021-02-27T14:03:02,2021-02-27T14:03:02,ankur.jain1@techsupper.com,ankur.jain1@techsupper.com,Isle of Man ,WESTERN EUROPE                     ,75441.0,21000.0,,11.05,11.19
101,2021-02-27T14:03:02,2021-02-27T14:03:02,ankur.jain1@techsupper.com,ankur.jain1@techsupper.com,Israel ,NEAR EAST                          ,6352117.0,19800.0,95.4,17.97,6.18
102,2021-02-27T14:03:02,2021-02-27T14:03:02,ankur.jain1@techsupper.com,ankur.jain1@techsupper.com,Italy ,WESTERN EUROPE                     ,5.8133509E7,26700.0,98.6,8.72,10.4
103,2021-02-27T14:03:02,2021-02-27T14:03:02,ankur.jain1@techsupper.com,ankur.jain1@techsupper.com,Jamaica ,LATIN AMER. & CARIB    ,2758124.0,3900.0,87.9,20.82,6.52
104,2021-02-27T14:03:02,2021-02-27T14:03:02,ankur.jain1@techsupper.com,ankur.jain1@techsupper.com,Japan ,ASIA (EX. NEAR EAST)         ,1.27463611E8,28200.0,99.0,9.37,9.16
105,2021-02-27T14:03:02,2021-02-27T14:03:02,ankur.jain1@techsupper.com,ankur.jain1@techsupper.com,Jersey ,WESTERN EUROPE                     ,91084.0,24800.0,,9.3,9.28
106,2021-02-27T14:03:02,2021-02-27T14:03:02,ankur.jain1@techsupper.com,ankur.jain1@techsupper.com,Jordan ,NEAR EAST                          ,5906760.0,4300.0,91.3,21.25,2.65
107,2021-02-27T14:03:02,2021-02-27T14:03:02,ankur.jain1@techsupper.com,ankur.jain1@techsupper.com,Kazakhstan ,C.W. OF IND. STATES ,1.5233244E7,6300.0,98.4,16.0,9.42
108,2021-02-27T14:03:02,2021-02-27T14:03:02,ankur.jain1@techsupper.com,ankur.jain1@techsupper.com,Kenya ,SUB-SAHARAN AFRICA                 ,3.4707817E7,1000.0,85.1,39.72,14.02
109,2021-02-27T14:03:02,2021-02-27T14:03:02,ankur.jain1@techsupper.com,ankur.jain1@techsupper.com,Kiribati ,OCEANIA                            ,105432.0,800.0,,30.65,8.26
110,2021-02-27T14:03:02,2021-02-27T14:03:02,ankur.jain1@techsupper.com,ankur.jain1@techsupper.com,"Korea, North ",ASIA (EX. NEAR EAST)         ,2.3113019E7,1300.0,99.0,15.54,7.13
111,2021-02-27T14:03:02,2021-02-27T14:03:02,ankur.jain1@techsupper.com,ankur.jain1@techsupper.com,"Korea, South ",ASIA (EX. NEAR EAST)         ,4.8846823E7,17800.0,97.9,10.0,5.85
112,2021-02-27T14:03:02,2021-02-27T14:03:02,ankur.jain1@techsupper.com,ankur.jain1@techsupper.com,Kuwait ,NEAR EAST                          ,2418393.0,19000.0,83.5,21.94,2.41
113,2021-02-27T14:03:02,2021-02-27T14:03:02,ankur.jain1@techsupper.com,ankur.jain1@techsupper.com,Kyrgyzstan ,C.W. OF IND. STATES ,5213898.0,1600.0,97.0,22.8,7.08
114,2021-02-27T14:03:02,2021-02-27T14:03:02,ankur.jain1@techsupper.com,ankur.jain1@techsupper.com,Laos ,ASIA (EX. NEAR EAST)         ,6368481.0,1700.0,66.4,35.49,11.55
115,2021-02-27T14:03:02,2021-02-27T14:03:02,ankur.jain1@techsupper.com,ankur.jain1@techsupper.com,Latvia ,BALTICS                            ,2274735.0,10200.0,99.8,9.24,13.66
116,2021-02-27T14:03:02,2021-02-27T14:03:02,ankur.jain1@techsupper.com,ankur.jain1@techsupper.com,Lebanon ,NEAR EAST                          ,3874050.0,4800.0,87.4,18.52,6.21
117,2021-02-27T14:03:02,2021-02-27T14:03:02,ankur.jain1@techsupper.com,ankur.jain1@techsupper.com,Lesotho ,SUB-SAHARAN AFRICA                 ,2022331.0,3000.0,84.8,24.75,28.71
118,2021-02-27T14:03:02,2021-02-27T14:03:02,ankur.jain1@techsupper.com,ankur.jain1@techsupper.com,Liberia ,SUB-SAHARAN AFRICA                 ,3042004.0,1000.0,57.5,44.77,23.1
119,2021-02-27T14:03:02,2021-02-27T14:03:02,ankur.jain1@techsupper.com,ankur.jain1@techsupper.com,Libya ,NORTHERN AFRICA                    ,5900754.0,6400.0,82.6,26.49,3.48
120,2021-02-27T14:03:02,2021-02-27T14:03:02,ankur.jain1@techsupper.com,ankur.jain1@techsupper.com,Liechtenstein ,WESTERN EUROPE                     ,33987.0,25000.0,100.0,10.21,7.18
121,2021-02-27T14:03:02,2021-02-27T14:03:02,ankur.jain1@techsupper.com,ankur.jain1@techsupper.com,Lithuania ,BALTICS                            ,3585906.0,11400.0,99.6,8.75,10.98
122,2021-02-27T14:03:02,2021-02-27T14:03:02,ankur.jain1@techsupper.com,ankur.jain1@techsupper.com,Luxembourg ,WESTERN EUROPE                     ,474413.0,55100.0,100.0,11.94,8.41
123,2021-02-27T14:03:02,2021-02-27T14:03:02,ankur.jain1@techsupper.com,ankur.jain1@techsupper.com,Macau ,ASIA (EX. NEAR EAST)         ,453125.0,19400.0,94.5,8.48,4.47
124,2021-02-27T14:03:02,2021-02-27T14:03:02,ankur.jain1@techsupper.com,ankur.jain1@techsupper.com,Macedonia ,EASTERN EUROPE                     ,2050554.0,6700.0,,12.02,8.77
125,2021-02-27T14:03:02,2021-02-27T14:03:02,ankur.jain1@techsupper.com,ankur.jain1@techsupper.com,Madagascar ,SUB-SAHARAN AFRICA                 ,1.8595469E7,800.0,68.9,41.41,11.11
126,2021-02-27T14:03:02,2021-02-27T14:03:02,ankur.jain1@techsupper.com,ankur.jain1@techsupper.com,Malawi ,SUB-SAHARAN AFRICA                 ,1.3013926E7,600.0,62.7,43.13,19.33
127,2021-02-27T14:03:02,2021-02-27T14:03:02,ankur.jain1@techsupper.com,ankur.jain1@techsupper.com,Malaysia ,ASIA (EX. NEAR EAST)         ,2.4385858E7,9000.0,88.7,22.86,5.05
128,2021-02-27T14:03:02,2021-02-27T14:03:02,ankur.jain1@techsupper.com,ankur.jain1@techsupper.com,Maldives ,ASIA (EX. NEAR EAST)         ,359008.0,3900.0,97.2,34.81,7.06
129,2021-02-27T14:03:02,2021-02-27T14:03:02,ankur.jain1@techsupper.com,ankur.jain1@techsupper.com,Mali ,SUB-SAHARAN AFRICA                 ,1.1716829E7,900.0,46.4,49.82,16.89
130,2021-02-27T14:03:02,2021-02-27T14:03:02,ankur.jain1@techsupper.com,ankur.jain1@techsupper.com,Malta ,WESTERN EUROPE                     ,400214.0,17700.0,92.8,10.22,8.1
131,2021-02-27T14:03:02,2021-02-27T14:03:02,ankur.jain1@techsupper.com,ankur.jain1@techsupper.com,Marshall Islands ,OCEANIA                            ,60422.0,1600.0,93.7,33.05,4.78
132,2021-02-27T14:03:02,2021-02-27T14:03:02,ankur.jain1@techsupper.com,ankur.jain1@techsupper.com,Martinique ,LATIN AMER. & CARIB    ,436131.0,14400.0,97.7,13.74,6.48
133,2021-02-27T14:03:02,2021-02-27T14:03:02,ankur.jain1@techsupper.com,ankur.jain1@techsupper.com,Mauritania ,SUB-SAHARAN AFRICA                 ,3177388.0,1800.0,41.7,40.99,12.16
134,2021-02-27T14:03:02,2021-02-27T14:03:02,ankur.jain1@techsupper.com,ankur.jain1@techsupper.com,Mauritius ,SUB-SAHARAN AFRICA                 ,1240827.0,11400.0,85.6,15.43,6.86
135,2021-02-27T14:03:02,2021-02-27T14:03:02,ankur.jain1@techsupper.com,ankur.jain1@techsupper.com,Mayotte ,SUB-SAHARAN AFRICA                 ,201234.0,2600.0,,40.95,7.7
136,2021-02-27T14:03:02,2021-02-27T14:03:02,ankur.jain1@techsupper.com,ankur.jain1@techsupper.com,Mexico ,LATIN AMER. & CARIB    ,1.07449525E8,9000.0,92.2,20.69,4.74
137,2021-02-27T14:03:02,2021-02-27T14:03:02,ankur.jain1@techsupper.com,ankur.jain1@techsupper.com,"Micronesia, Fed. St. ",OCEANIA                            ,108004.0,2000.0,89.0,24.68,4.75
138,2021-02-27T14:03:02,2021-02-27T14:03:02,ankur.jain1@techsupper.com,ankur.jain1@techsupper.com,Moldova ,C.W. OF IND. STATES ,4466706.0,1800.0,99.1,15.7,12.64
139,2021-02-27T14:03:02,2021-02-27T14:03:02,ankur.jain1@techsupper.com,ankur.jain1@techsupper.com,Monaco ,WESTERN EUROPE                     ,32543.0,27000.0,99.0,9.19,12.91
140,2021-02-27T14:03:02,2021-02-27T14:03:02,ankur.jain1@techsupper.com,ankur.jain1@techsupper.com,Mongolia ,ASIA (EX. NEAR EAST)         ,2832224.0,1800.0,97.8,21.59,6.95
141,2021-02-27T14:03:02,2021-02-27T14:03:02,ankur.jain1@techsupper.com,ankur.jain1@techsupper.com,Montserrat ,LATIN AMER. & CARIB    ,9439.0,3400.0,97.0,17.59,7.1
142,2021-02-27T14:03:02,2021-02-27T14:03:02,ankur.jain1@techsupper.com,ankur.jain1@techsupper.com,Morocco ,NORTHERN AFRICA                    ,3.3241259E7,4000.0,51.7,21.98,5.58
143,2021-02-27T14:03:02,2021-02-27T14:03:02,ankur.jain1@techsupper.com,ankur.jain1@techsupper.com,Mozambique ,SUB-SAHARAN AFRICA                 ,1.9686505E7,1200.0,47.8,35.18,21.35
144,2021-02-27T14:03:02,2021-02-27T14:03:02,ankur.jain1@techsupper.com,ankur.jain1@techsupper.com,Namibia ,SUB-SAHARAN AFRICA                 ,2044147.0,7200.0,84.0,24.32,18.86
145,2021-02-27T14:03:02,2021-02-27T14:03:02,ankur.jain1@techsupper.com,ankur.jain1@techsupper.com,Nauru ,OCEANIA                            ,13287.0,5000.0,,24.76,6.7
146,2021-02-27T14:03:02,2021-02-27T14:03:02,ankur.jain1@techsupper.com,ankur.jain1@techsupper.com,Nepal ,ASIA (EX. NEAR EAST)         ,2.8287147E7,1400.0,45.2,30.98,9.31
147,2021-02-27T14:03:02,2021-02-27T14:03:02,ankur.jain1@techsupper.com,ankur.jain1@techsupper.com,Netherlands ,WESTERN EUROPE                     ,1.6491461E7,28600.0,99.0,10.9,8.68
148,2021-02-27T14:03:02,2021-02-27T14:03:02,ankur.jain1@techsupper.com,ankur.jain1@techsupper.com,Netherlands Antilles ,LATIN AMER. & CARIB    ,221736.0,11400.0,96.7,14.78,6.45
149,2021-02-27T14:03:02,2021-02-27T14:03:02,ankur.jain1@techsupper.com,ankur.jain1@techsupper.com,New Caledonia ,OCEANIA                            ,219246.0,15000.0,91.0,18.11,5.69
150,2021-02-27T14:03:02,2021-02-27T14:03:02,ankur.jain1@techsupper.com,ankur.jain1@techsupper.com,New Zealand ,OCEANIA                            ,4076140.0,21600.0,99.0,13.76,7.53
151,2021-02-27T14:03:02,2021-02-27T14:03:02,ankur.jain1@techsupper.com,ankur.jain1@techsupper.com,Nicaragua ,LATIN AMER. & CARIB    ,5570129.0,2300.0,67.5,24.51,4.45
152,2021-02-27T14:03:02,2021-02-27T14:03:02,ankur.jain1@techsupper.com,ankur.jain1@techsupper.com,Niger ,SUB-SAHARAN AFRICA                 ,1.2525094E7,800.0,17.6,50.73,20.91
153,2021-02-27T14:03:02,2021-02-27T14:03:02,ankur.jain1@techsupper.com,ankur.jain1@techsupper.com,Nigeria ,SUB-SAHARAN AFRICA                 ,1.31859731E8,900.0,68.0,40.43,16.94
154,2021-02-27T14:03:02,2021-02-27T14:03:02,ankur.jain1@techsupper.com,ankur.jain1@techsupper.com,N. Mariana Islands ,OCEANIA                            ,82459.0,12500.0,97.0,19.43,2.29
155,2021-02-27T14:03:02,2021-02-27T14:03:02,ankur.jain1@techsupper.com,ankur.jain1@techsupper.com,Norway ,WESTERN EUROPE                     ,4610820.0,37800.0,100.0,11.46,9.4
156,2021-02-27T14:03:02,2021-02-27T14:03:02,ankur.jain1@techsupper.com,ankur.jain1@techsupper.com,Oman ,NEAR EAST                          ,3102229.0,13100.0,75.8,36.24,3.81
157,2021-02-27T14:03:02,2021-02-27T14:03:02,ankur.jain1@techsupper.com,ankur.jain1@techsupper.com,Pakistan ,ASIA (EX. NEAR EAST)         ,1.6580356E8,2100.0,45.7,29.74,8.23
158,2021-02-27T14:03:02,2021-02-27T14:03:02,ankur.jain1@techsupper.com,ankur.jain1@techsupper.com,Palau ,OCEANIA                            ,20579.0,9000.0,92.0,18.03,6.8
159,2021-02-27T14:03:02,2021-02-27T14:03:02,ankur.jain1@techsupper.com,ankur.jain1@techsupper.com,Panama ,LATIN AMER. & CARIB    ,3191319.0,6300.0,92.6,21.74,5.36
160,2021-02-27T14:03:02,2021-02-27T14:03:02,ankur.jain1@techsupper.com,ankur.jain1@techsupper.com,Papua New Guinea ,OCEANIA                            ,5670544.0,2200.0,64.6,29.36,7.25
161,2021-02-27T14:03:02,2021-02-27T14:03:02,ankur.jain1@techsupper.com,ankur.jain1@techsupper.com,Paraguay ,LATIN AMER. & CARIB    ,6506464.0,4700.0,94.0,29.1,4.49
162,2021-02-27T14:03:02,2021-02-27T14:03:02,ankur.jain1@techsupper.com,ankur.jain1@techsupper.com,Peru ,LATIN AMER. & CARIB    ,2.8302603E7,5100.0,90.9,20.48,6.23
163,2021-02-27T14:03:02,2021-02-27T14:03:02,ankur.jain1@techsupper.com,ankur.jain1@techsupper.com,Philippines ,ASIA (EX. NEAR EAST)         ,8.9468677E7,4600.0,92.6,24.89,5.41
164,2021-02-27T14:03:02,2021-02-27T14:03:02,ankur.jain1@techsupper.com,ankur.jain1@techsupper.com,Poland ,EASTERN EUROPE                     ,3.8536869E7,11100.0,99.8,9.85,9.89
165,2021-02-27T14:03:02,2021-02-27T14:03:02,ankur.jain1@techsupper.com,ankur.jain1@techsupper.com,Portugal ,WESTERN EUROPE                     ,1.060587E7,18000.0,93.3,10.72,10.5
166,2021-02-27T14:03:02,2021-02-27T14:03:02,ankur.jain1@techsupper.com,ankur.jain1@techsupper.com,Puerto Rico ,LATIN AMER. & CARIB    ,3927188.0,16800.0,94.1,12.77,7.65
167,2021-02-27T14:03:02,2021-02-27T14:03:02,ankur.jain1@techsupper.com,ankur.jain1@techsupper.com,Qatar ,NEAR EAST                          ,885359.0,21500.0,82.5,15.56,4.72
168,2021-02-27T14:03:02,2021-02-27T14:03:02,ankur.jain1@techsupper.com,ankur.jain1@techsupper.com,Reunion ,SUB-SAHARAN AFRICA                 ,787584.0,5800.0,88.9,18.9,5.49
169,2021-02-27T14:03:02,2021-02-27T14:03:02,ankur.jain1@techsupper.com,ankur.jain1@techsupper.com,Romania ,EASTERN EUROPE                     ,2.2303552E7,7000.0,98.4,10.7,11.77
170,2021-02-27T14:03:02,2021-02-27T14:03:02,ankur.jain1@techsupper.com,ankur.jain1@techsupper.com,Russia ,C.W. OF IND. STATES ,1.4289354E8,8900.0,99.6,9.95,14.65
171,2021-02-27T14:03:02,2021-02-27T14:03:02,ankur.jain1@techsupper.com,ankur.jain1@techsupper.com,Rwanda ,SUB-SAHARAN AFRICA                 ,8648248.0,1300.0,70.4,40.37,16.09
172,2021-02-27T14:03:02,2021-02-27T14:03:02,ankur.jain1@techsupper.com,ankur.jain1@techsupper.com,Saint Helena ,SUB-SAHARAN AFRICA                 ,7502.0,2500.0,97.0,12.13,6.53
173,2021-02-27T14:03:02,2021-02-27T14:03:02,ankur.jain1@techsupper.com,ankur.jain1@techsupper.com,Saint Kitts & Nevis ,LATIN AMER. & CARIB    ,39129.0,8800.0,97.0,18.02,8.33
174,2021-02-27T14:03:02,2021-02-27T14:03:02,ankur.jain1@techsupper.com,ankur.jain1@techsupper.com,Saint Lucia ,LATIN AMER. & CARIB    ,168458.0,5400.0,67.0,19.68,5.08
175,2021-02-27T14:03:02,2021-02-27T14:03:02,ankur.jain1@techsupper.com,ankur.jain1@techsupper.com,St Pierre & Miquelon ,NORTHERN AMERICA                   ,7026.0,6900.0,99.0,13.52,6.83
176,2021-02-27T14:03:02,2021-02-27T14:03:02,ankur.jain1@techsupper.com,ankur.jain1@techsupper.com,Saint Vincent and the Grenadines ,LATIN AMER. & CARIB    ,117848.0,2900.0,96.0,16.18,5.98
177,2021-02-27T14:03:02,2021-02-27T14:03:02,ankur.jain1@techsupper.com,ankur.jain1@techsupper.com,Samoa ,OCEANIA                            ,176908.0,5600.0,99.7,16.43,6.62
178,2021-02-27T14:03:02,2021-02-27T14:03:02,ankur.jain1@techsupper.com,ankur.jain1@techsupper.com,San Marino ,WESTERN EUROPE                     ,29251.0,34600.0,96.0,10.02,8.17
179,2021-02-27T14:03:02,2021-02-27T14:03:02,ankur.jain1@techsupper.com,ankur.jain1@techsupper.com,Sao Tome & Principe ,SUB-SAHARAN AFRICA                 ,193413.0,1200.0,79.3,40.25,6.47
180,2021-02-27T14:03:02,2021-02-27T14:03:02,ankur.jain1@techsupper.com,ankur.jain1@techsupper.com,Saudi Arabia ,NEAR EAST                          ,2.7019731E7,11800.0,78.8,29.34,2.58
181,2021-02-27T14:03:02,2021-02-27T14:03:02,ankur.jain1@techsupper.com,ankur.jain1@techsupper.com,Senegal ,SUB-SAHARAN AFRICA                 ,1.1987121E7,1600.0,40.2,32.78,9.42
182,2021-02-27T14:03:02,2021-02-27T14:03:02,ankur.jain1@techsupper.com,ankur.jain1@techsupper.com,Serbia ,EASTERN EUROPE                     ,9396411.0,2200.0,93.0,,
183,2021-02-27T14:03:02,2021-02-27T14:03:02,ankur.jain1@techsupper.com,ankur.jain1@techsupper.com,Seychelles ,SUB-SAHARAN AFRICA                 ,81541.0,7800.0,58.0,16.03,6.29
184,2021-02-27T14:03:02,2021-02-27T14:03:02,ankur.jain1@techsupper.com,ankur.jain1@techsupper.com,Sierra Leone ,SUB-SAHARAN AFRICA                 ,6005250.0,500.0,31.4,45.76,23.03
185,2021-02-27T14:03:02,2021-02-27T14:03:02,ankur.jain1@techsupper.com,ankur.jain1@techsupper.com,Singapore ,ASIA (EX. NEAR EAST)         ,4492150.0,23700.0,92.5,9.34,4.28
186,2021-02-27T14:03:02,2021-02-27T14:03:02,ankur.jain1@techsupper.com,ankur.jain1@techsupper.com,Slovakia ,EASTERN EUROPE                     ,5439448.0,13300.0,,10.65,9.45
187,2021-02-27T14:03:02,2021-02-27T14:03:02,ankur.jain1@techsupper.com,ankur.jain1@techsupper.com,Slovenia ,EASTERN EUROPE                     ,2010347.0,19000.0,99.7,8.98,10.31
188,2021-02-27T14:03:02,2021-02-27T14:03:02,ankur.jain1@techsupper.com,ankur.jain1@techsupper.com,Solomon Islands ,OCEANIA                            ,552438.0,1700.0,,30.01,3.92
189,2021-02-27T14:03:02,2021-02-27T14:03:02,ankur.jain1@techsupper.com,ankur.jain1@techsupper.com,Somalia ,SUB-SAHARAN AFRICA                 ,8863338.0,500.0,37.8,45.13,16.63
190,2021-02-27T14:03:02,2021-02-27T14:03:02,ankur.jain1@techsupper.com,ankur.jain1@techsupper.com,South Africa ,SUB-SAHARAN AFRICA                 ,4.4187637E7,10700.0,86.4,18.2,22.0
191,2021-02-27T14:03:02,2021-02-27T14:03:02,ankur.jain1@techsupper.com,ankur.jain1@techsupper.com,Spain ,WESTERN EUROPE                     ,4.0397842E7,22000.0,97.9,10.06,9.72
192,2021-02-27T14:03:02,2021-02-27T14:03:02,ankur.jain1@techsupper.com,ankur.jain1@techsupper.com,Sri Lanka ,ASIA (EX. NEAR EAST)         ,2.022224E7,3700.0,92.3,15.51,6.52
193,2021-02-27T14:03:02,2021-02-27T14:03:02,ankur.jain1@techsupper.com,ankur.jain1@techsupper.com,Sudan ,SUB-SAHARAN AFRICA                 ,4.1236378E7,1900.0,61.1,34.53,8.97
194,2021-02-27T14:03:02,2021-02-27T14:03:02,ankur.jain1@techsupper.com,ankur.jain1@techsupper.com,Suriname ,LATIN AMER. & CARIB    ,439117.0,4000.0,93.0,18.02,7.27
195,2021-02-27T14:03:02,2021-02-27T14:03:02,ankur.jain1@techsupper.com,ankur.jain1@techsupper.com,Swaziland ,SUB-SAHARAN AFRICA                 ,1136334.0,4900.0,81.6,27.41,29.74
196,2021-02-27T14:03:02,2021-02-27T14:03:02,ankur.jain1@techsupper.com,ankur.jain1@techsupper.com,Sweden ,WESTERN EUROPE                     ,9016596.0,26800.0,99.0,10.27,10.31
197,2021-02-27T14:03:02,2021-02-27T14:03:02,ankur.jain1@techsupper.com,ankur.jain1@techsupper.com,Switzerland ,WESTERN EUROPE                     ,7523934.0,32700.0,99.0,9.71,8.49
198,2021-02-27T14:03:02,2021-02-27T14:03:02,ankur.jain1@techsupper.com,ankur.jain1@techsupper.com,Syria ,NEAR EAST                          ,1.8881361E7,3300.0,76.9,27.76,4.81
199,2021-02-27T14:03:02,2021-02-27T14:03:02,ankur.jain1@techsupper.com,ankur.jain1@techsupper.com,Taiwan ,ASIA (EX. NEAR EAST)         ,2.3036087E7,23400.0,96.1,12.56,6.48
200,2021-02-27T14:03:02,2021-02-27T14:03:02,ankur.jain1@techsupper.com,ankur.jain1@techsupper.com,Tajikistan ,C.W. OF IND. STATES ,7320815.0,1000.0,99.4,32.65,8.25
201,2021-02-27T14:03:03,2021-02-27T14:03:03,ankur.jain1@techsupper.com,ankur.jain1@techsupper.com,Tanzania ,SUB-SAHARAN AFRICA                 ,3.7445392E7,600.0,78.2,37.71,16.39
202,2021-02-27T14:03:03,2021-02-27T14:03:03,ankur.jain1@techsupper.com,ankur.jain1@techsupper.com,Thailand ,ASIA (EX. NEAR EAST)         ,6.4631595E7,7400.0,92.6,13.87,7.04
203,2021-02-27T14:03:03,2021-02-27T14:03:03,ankur.jain1@techsupper.com,ankur.jain1@techsupper.com,Togo ,SUB-SAHARAN AFRICA                 ,5548702.0,1500.0,60.9,37.01,9.83
204,2021-02-27T14:03:03,2021-02-27T14:03:03,ankur.jain1@techsupper.com,ankur.jain1@techsupper.com,Tonga ,OCEANIA                            ,114689.0,2200.0,98.5,25.37,5.28
205,2021-02-27T14:03:03,2021-02-27T14:03:03,ankur.jain1@techsupper.com,ankur.jain1@techsupper.com,Trinidad & Tobago ,LATIN AMER. & CARIB    ,1065842.0,9500.0,98.6,12.9,10.57
206,2021-02-27T14:03:03,2021-02-27T14:03:03,ankur.jain1@techsupper.com,ankur.jain1@techsupper.com,Tunisia ,NORTHERN AFRICA                    ,1.0175014E7,6900.0,74.2,15.52,5.13
207,2021-02-27T14:03:03,2021-02-27T14:03:03,ankur.jain1@techsupper.com,ankur.jain1@techsupper.com,Turkey ,NEAR EAST                          ,7.0413958E7,6700.0,86.5,16.62,5.97
208,2021-02-27T14:03:03,2021-02-27T14:03:03,ankur.jain1@techsupper.com,ankur.jain1@techsupper.com,Turkmenistan ,C.W. OF IND. STATES ,5042920.0,5800.0,98.0,27.61,8.6
209,2021-02-27T14:03:03,2021-02-27T14:03:03,ankur.jain1@techsupper.com,ankur.jain1@techsupper.com,Turks & Caicos Is ,LATIN AMER. & CARIB    ,21152.0,9600.0,98.0,21.84,4.21
210,2021-02-27T14:03:03,2021-02-27T14:03:03,ankur.jain1@techsupper.com,ankur.jain1@techsupper.com,Tuvalu ,OCEANIA                            ,11810.0,1100.0,,22.18,7.11
211,2021-02-27T14:03:03,2021-02-27T14:03:03,ankur.jain1@techsupper.com,ankur.jain1@techsupper.com,Uganda ,SUB-SAHARAN AFRICA                 ,2.8195754E7,1400.0,69.9,47.35,12.24
212,2021-02-27T14:03:03,2021-02-27T14:03:03,ankur.jain1@techsupper.com,ankur.jain1@techsupper.com,Ukraine ,C.W. OF IND. STATES ,4.6710816E7,5400.0,99.7,8.82,14.39
213,2021-02-27T14:03:03,2021-02-27T14:03:03,ankur.jain1@techsupper.com,ankur.jain1@techsupper.com,United Arab Emirates ,NEAR EAST                          ,2602713.0,23200.0,77.9,18.96,4.4
214,2021-02-27T14:03:03,2021-02-27T14:03:03,ankur.jain1@techsupper.com,ankur.jain1@techsupper.com,United Kingdom ,WESTERN EUROPE                     ,6.0609153E7,27700.0,99.0,10.71,10.13
215,2021-02-27T14:03:03,2021-02-27T14:03:03,ankur.jain1@techsupper.com,ankur.jain1@techsupper.com,United States ,NORTHERN AMERICA                   ,2.98444215E8,37800.0,97.0,14.14,8.26
216,2021-02-27T14:03:03,2021-02-27T14:03:03,ankur.jain1@techsupper.com,ankur.jain1@techsupper.com,Uruguay ,LATIN AMER. & CARIB    ,3431932.0,12800.0,98.0,13.91,9.05
217,2021-02-27T14:03:03,2021-02-27T14:03:03,ankur.jain1@techsupper.com,ankur.jain1@techsupper.com,Uzbekistan ,C.W. OF IND. STATES ,2.7307134E7,1700.0,99.3,26.36,7.84
218,2021-02-27T14:03:03,2021-02-27T14:03:03,ankur.jain1@techsupper.com,ankur.jain1@techsupper.com,Vanuatu ,OCEANIA                            ,208869.0,2900.0,53.0,22.72,7.82
219,2021-02-27T14:03:03,2021-02-27T14:03:03,ankur.jain1@techsupper.com,ankur.jain1@techsupper.com,Venezuela ,LATIN AMER. & CARIB    ,2.5730435E7,4800.0,93.4,18.71,4.92
220,2021-02-27T14:03:03,2021-02-27T14:03:03,ankur.jain1@techsupper.com,ankur.jain1@techsupper.com,Vietnam ,ASIA (EX. NEAR EAST)         ,8.4402966E7,2500.0,90.3,16.86,6.22
221,2021-02-27T14:03:03,2021-02-27T14:03:03,ankur.jain1@techsupper.com,ankur.jain1@techsupper.com,Virgin Islands ,LATIN AMER. & CARIB    ,108605.0,17200.0,,13.96,6.43
222,2021-02-27T14:03:03,2021-02-27T14:03:03,ankur.jain1@techsupper.com,ankur.jain1@techsupper.com,Wallis and Futuna ,OCEANIA                            ,16025.0,3700.0,50.0,,
223,2021-02-27T14:03:03,2021-02-27T14:03:03,ankur.jain1@techsupper.com,ankur.jain1@techsupper.com,West Bank ,NEAR EAST                          ,2460492.0,800.0,,31.67,3.92
224,2021-02-27T14:03:03,2021-02-27T14:03:03,ankur.jain1@techsupper.com,ankur.jain1@techsupper.com,Western Sahara ,NORTHERN AFRICA                    ,273008.0,,,,
225,2021-02-27T14:03:03,2021-02-27T14:03:03,ankur.jain1@techsupper.com,ankur.jain1@techsupper.com,Yemen ,NEAR EAST                          ,2.1456188E7,800.0,50.2,42.89,8.3
226,2021-02-27T14:03:03,2021-02-27T14:03:03,ankur.jain1@techsupper.com,ankur.jain1@techsupper.com,Zambia ,SUB-SAHARAN AFRICA                 ,1.150201E7,800.0,80.6,41.0,19.93
227,2021-02-27T14:03:03,2021-02-27T14:03:03,ankur.jain1@techsupper.com,ankur.jain1@techsupper.com,Zimbabwe ,SUB-SAHARAN AFRICA                 ,1.2236805E7,1900.0,90.7,28.01,21.84
