id,creationDate,lastUpdateDate,createdBy,lastUpdatedBy,doctorName,rating,doctorEmail,expertise,address,degree,about
1,2021-03-02T05:20:09,2021-03-02T05:20:09,ankur.jain1@techsupper.com,ankur.jain1@techsupper.com,Dr. Nancy,5.0,nancy@for.com,Gastroenterologists,Janakpuri,"M.D., M.B.B.S",Dr. Nancy has over 10 years of experience and she did M.D. and MBBS. She is Gastroenterologists and handling 100+ patients on a daily basis.
2,2021-03-02T05:20:09,2021-03-02T05:20:09,ankur.jain1@techsupper.com,ankur.jain1@techsupper.com,Dr. Nirmal,4.5,nirmal@aim.com,Gastroenterologists,Noida-Sec26,M.B.B.S,"Dr. Nirmal has over 15 years of experience and she did MBBS from the IGMC, shimla. She is Gastroenterologists and handling 150+ patients on a regular basis."
3,2021-03-02T05:20:09,2021-03-02T05:20:09,ankur.jain1@techsupper.com,ankur.jain1@techsupper.com,Dr. Sachin,4.0,sachin@ma.com,Gastroenterologists,Noida-Sec27,M.B.B.S,"Dr. Sachin has over 9 years of experience and he did MBBS from the IGMC, shimla. He is Gastroenterologists and handling 150+ patients on a regular basis."
4,2021-03-02T05:20:09,2021-03-02T05:20:09,ankur.jain1@techsupper.com,ankur.jain1@techsupper.com,Dr. Piyush,5.0,piyush@child.com,Dentist,Gurgaon-Sec 30,"M.D., M.B.B.S","Dr. Piyush has over 20 years of experience and he did MD and MBBS from the DMKC, Delhi college. He is Dentist and handling 150+ patients on a regular basis."
5,2021-03-02T05:20:09,2021-03-02T05:20:09,ankur.jain1@techsupper.com,ankur.jain1@techsupper.com,Dr. Shyam,4.0,shyam@liv.com,Dentist,Gurgaon-Sec 30,"M.D., M.B.B.S","Dr. Shyam has over 25 years of experience and he did MD and MBBS from the DMKC, Delhi college. He is Dentist and handling 150+ patients on a regular basis."
6,2021-03-02T05:20:09,2021-03-02T05:20:09,ankur.jain1@techsupper.com,ankur.jain1@techsupper.com,Dr. Ankur,4.3,ankur@aim.com,Dentist,Gurgaon-Sec 30,M.B.B.S,"Dr. Ankur has over 9 years of experience and he did MBBS from the IMS, Ghaziabad college. He is Dentist and handling 150+ patients on a regular basis."
7,2021-03-02T05:20:09,2021-03-02T05:20:09,ankur.jain1@techsupper.com,ankur.jain1@techsupper.com,Dr. Goyal,3.9,goyal@goyal.com,Child Specalist,Janakpuri,M.B.B.S,"Dr. Goyal has over 16 years of experience and he did MBBS from the IMS, Ghaziabad college. He is Child Specalist and handling 50+ patients on a regular basis."
8,2021-03-02T05:20:09,2021-03-02T05:20:09,ankur.jain1@techsupper.com,ankur.jain1@techsupper.com,Dr. Dinkar,5.0,dinkar@yahoo.com,Child Specalist,Noida-Sec26,"M.D., M.B.B.S","Dr. Dinkar has over 6 years of experience and he did MD, MBBS from the IMS, Ghaziabad college. He is Child Specalist and handling 50+ patients on a regular basis."
9,2021-03-02T05:20:09,2021-03-02T05:20:09,ankur.jain1@techsupper.com,ankur.jain1@techsupper.com,Dr. Sachin,5.0,sachin@gmail.com,Child Specalist,Noida-Sec27,"M.D., M.B.B.S","Dr. Sachin has over 25 years of experience and he did MD, MBBS from the IMS, Ghaziabad college. He is Child Specalist and handling 50+ patients on a regular basis."
