{
    "displayLabel": "Doctors",
    "fields": [
        {
            "displayLabel": "Id",
            "internal": true,
            "key": true,
            "name": "id",
            "oid": "658d6e46-19f6-44c1-8689-d7d933ee7902",
            "required": true,
            "type": "number",
            "unique": true
        },
        {
            "displayLabel": "Created",
            "internal": true,
            "name": "creationDate",
            "oid": "81f2c0d1-d06a-4ca6-96cd-76009f10900d",
            "type": "datetime"
        },
        {
            "displayLabel": "Last Updated",
            "internal": true,
            "name": "lastUpdateDate",
            "oid": "7df0a7ce-e648-4af4-aff1-bad975b81d26",
            "type": "datetime"
        },
        {
            "displayLabel": "Created By",
            "internal": true,
            "name": "createdBy",
            "oid": "a46f18b5-2948-45bb-9983-c925cf21b66f",
            "type": "string"
        },
        {
            "displayLabel": "Last Updated By",
            "internal": true,
            "name": "lastUpdatedBy",
            "oid": "b2816e1d-f5c0-4d23-8c42-455106615137",
            "type": "string"
        },
        {
            "displayLabel": "<internal>",
            "hidden": true,
            "internal": true,
            "name": "abcsChangeNumber",
            "oid": "67453b7e-27c8-41d7-9f3b-ad250076d81e",
            "type": "number"
        },
        {
            "displayLabel": "Doctor Name",
            "name": "doctorName",
            "oid": "87712e3e-51e5-4edb-9b63-7691cd250288",
            "type": "string"
        },
        {
            "displayLabel": "Rating",
            "name": "rating",
            "oid": "fe02b802-c025-464d-84ea-4df059a2dd95",
            "type": "number"
        },
        {
            "displayLabel": "Doctor Email",
            "name": "doctorEmail",
            "oid": "3619f634-e5fc-4d9f-9220-fdc6df3dbcb2",
            "type": "string"
        },
        {
            "displayLabel": "Expertise",
            "name": "expertise",
            "oid": "933018a7-fa25-4eed-9db0-d0d716767f51",
            "type": "string"
        },
        {
            "displayLabel": "Address",
            "name": "address",
            "oid": "5421deaf-d91e-459f-a641-1745ec5004ee",
            "type": "string"
        },
        {
            "displayLabel": "Degree",
            "name": "degree",
            "oid": "b8b36240-c532-461b-acfb-d25db00d3e85",
            "type": "string"
        },
        {
            "displayLabel": "About",
            "name": "about",
            "oid": "769fdc9a-0b99-40ef-9e39-2616653c3098",
            "type": "string"
        }
    ],
    "name": "Doctors",
    "oid": "1eb8717a-6a5f-4aff-b252-bec0d211583b"
}