{
  "title": "",
  "description": "",
  "variables": {
    "getQueryListSDP": {
      "type": "vb/ServiceDataProvider",
      "defaultValue": {
        "endpoint": "servicesData/getQuery",
        "keyAttributes": "Id",
        "itemsPath": "records",
        "responseType": "page:getQueryResponse",
        "uriParameters": {
          "q": "{{ $application.variables.OpportunityQuery }}"
        }
      }
    },
    "NewOpportunity": {
      "type": "postSobjectsOpportunity"
    },
    "OLIADP": {
      "type": "vb/ArrayDataProvider2",
      "defaultValue": {
        "itemType": "OLI",
        "keyAttributes": "Id"
      }
    },
    "stageListSDP": {
      "type": "vb/ServiceDataProvider",
      "defaultValue": {
        "endpoint": "businessObjects/getall_Stage",
        "keyAttributes": "stageName",
        "itemsPath": "items",
        "responseType": "page:getallStageResponse",
        "transformsContext": {
          "vb-textFilterAttributes": [
            "stageName"
          ]
        }
      }
    }
  },
  "metadata": {},
  "types": {
    "@decorators.getallStageResponse": {
      "endpoint": "getall_Stage",
      "service": "businessObjects",
      "path": "response"
    },
    "@decorators.getQueryResponse": {
      "endpoint": "getQuery",
      "service": "servicesData",
      "path": "response"
    },
    "@decorators.postSobjectsOpportunity": {
      "endpoint": "postSobjectsOpportunity",
      "service": "servicesData",
      "path": "request"
    },
    "getallStageResponse": {
      "items": [
        {
          "stageName": "string"
        }
      ]
    },
    "getQueryResponse": {
      "records": [
        {
          "Amount": "number",
          "CloseDate": "string",
          "Id": "string",
          "IsWon": "boolean",
          "Name": "string",
          "Probability": "number",
          "StageName": "string"
        }
      ]
    },
    "OLI": {
      "Id": "string",
      "Name": "string",
      "ProductCode": "string",
      "TotalPrice": "number",
      "UnitPrice": "number"
    },
    "postSobjectsOpportunity": {
      "AccountId": "string",
      "Amount": "number",
      "CloseDate": "string",
      "Description": "any",
      "IsPrivate": "boolean",
      "Name": "string",
      "StageName": "string"
    }
  },
  "chains": {
    "ButtonActionChain": {
      "description": "",
      "root": "callComponentOliDialogClose",
      "actions": {
        "callComponentOliDialogClose": {
          "module": "vb/action/builtin/callComponentMethodAction",
          "parameters": {
            "component": "{{ document.getElementById('oli-dialog') }}",
            "method": "close"
          }
        }
      },
      "variables": {
        "detail": {
          "required": true,
          "type": "any",
          "input": "fromCaller"
        }
      }
    },
    "ButtonActionChain1": {
      "description": "",
      "root": "callRestPostSobjectsOpportunity",
      "actions": {
        "fireNotification": {
          "module": "vb/action/builtin/fireNotificationEventAction",
          "parameters": {
            "target": "leaf",
            "summary": "[[ $chain.results.callRestPostSobjectsOpportunity.message.summary ]]",
            "type": "error",
            "displayMode": "persist"
          }
        },
        "callRestPostSobjectsOpportunity": {
          "module": "vb/action/builtin/restAction",
          "parameters": {
            "endpoint": "servicesData/postSobjectsOpportunity",
            "body": "{{ $page.variables.NewOpportunity }}"
          },
          "outcomes": {
            "failure": "fireNotification",
            "success": "fireDataProviderEvent"
          }
        },
        "fireDataProviderEvent": {
          "module": "vb/action/builtin/fireDataProviderEventAction",
          "parameters": {
            "target": "[[ $page.variables.getQueryListSDP ]]",
            "refresh": null
          }
        }
      },
      "variables": {
        "detail": {
          "required": true,
          "type": "any",
          "input": "fromCaller"
        }
      }
    },
    "SingleSelectValueItemChangeChain": {
      "description": "",
      "root": "assignVariables",
      "actions": {
        "assignVariables": {
          "module": "vb/action/builtin/assignVariablesAction",
          "parameters": {
            "$page.variables.NewOpportunity": {
              "source": {
                "AccountId": "{{ $variables.data.Id }}"
              },
              "reset": "none",
              "auto": "always"
            }
          }
        }
      },
      "variables": {
        "key": {
          "required": true,
          "type": "any",
          "input": "fromCaller"
        },
        "data": {
          "required": true,
          "type": "any",
          "input": "fromCaller"
        },
        "metadata": {
          "required": true,
          "type": "any",
          "input": "fromCaller"
        }
      }
    },
    "TableFirstSelectedRowChangeChain": {
      "description": "",
      "root": "callRestGetQuery",
      "actions": {
        "fireNotification": {
          "module": "vb/action/builtin/fireNotificationEventAction",
          "parameters": {
            "target": "leaf",
            "summary": "[[ $chain.results.callRestGetQuery.message.summary ]]",
            "type": "error",
            "displayMode": "persist"
          }
        },
        "callRestGetQuery": {
          "module": "vb/action/builtin/restAction",
          "parameters": {
            "endpoint": "servicesData/getQuery",
            "uriParams": {
              "q": "{{ $application.variables.OpportunityLineItemQuery+\"'\" + $variables.rowKey+\"'\" }}"
            }
          },
          "outcomes": {
            "failure": "fireNotification",
            "success": "assignVariables"
          }
        },
        "assignVariables": {
          "module": "vb/action/builtin/assignVariablesAction",
          "parameters": {
            "$page.variables.OLIADP": {
              "source": {
                "data": "{{ $chain.results.callRestGetQuery.body.records }}"
              },
              "reset": "none",
              "auto": "always",
              "mapping": {
                "$target.data": {
                  "source": "$source.data",
                  "reset": "empty"
                }
              }
            }
          },
          "outcomes": {
            "success": "callComponentOliDialogOpen"
          }
        },
        "callComponentOliDialogOpen": {
          "module": "vb/action/builtin/callComponentMethodAction",
          "parameters": {
            "component": "{{ document.getElementById('oli-dialog') }}",
            "method": "open"
          }
        }
      },
      "variables": {
        "rowKey": {
          "required": true,
          "type": "any",
          "input": "fromCaller"
        },
        "rowData": {
          "required": true,
          "type": "any",
          "input": "fromCaller"
        }
      }
    }
  },
  "eventListeners": {
    "ojButtonOjAction": {
      "chains": [
        {
          "chainId": "ButtonActionChain",
          "parameters": {
            "detail": "{{ $event.detail }}"
          }
        }
      ]
    },
    "ojButtonOjAction2": {
      "chains": [
        {
          "chainId": "ButtonActionChain1",
          "parameters": {
            "detail": "{{ $event.detail }}"
          }
        }
      ]
    },
    "ojSelectSingleValueItem": {
      "chains": [
        {
          "chainId": "SingleSelectValueItemChangeChain",
          "parameters": {
            "key": "{{$event.detail.value.key}}",
            "data": "{{$event.detail.value.data}}",
            "metadata": "{{$event.detail.value.metadata}}"
          }
        }
      ]
    },
    "ojTableFirstSelectedRow": {
      "chains": [
        {
          "chainId": "TableFirstSelectedRowChangeChain",
          "parameters": {
            "rowKey": "{{$event.detail.value.key}}",
            "rowData": "{{$event.detail.value.data}}"
          }
        }
      ]
    }
  },
  "imports": {
    "components": {
      "oj-button": {
        "path": "ojs/ojbutton"
      },
      "oj-dialog": {
        "path": "ojs/ojdialog"
      },
      "oj-form-layout": {
        "path": "ojs/ojformlayout"
      },
      "oj-input-date": {
        "path": "ojs/ojdatetimepicker"
      },
      "oj-input-number": {
        "path": "ojs/ojinputnumber"
      },
      "oj-input-text": {
        "path": "ojs/ojinputtext"
      },
      "oj-option": {
        "path": "ojs/ojoption"
      },
      "oj-radioset": {
        "path": "ojs/ojradioset"
      },
      "oj-select-single": {
        "path": "ojs/ojselectsingle"
      },
      "oj-table": {
        "path": "ojs/ojtable"
      },
      "oj-text-area": {
        "path": "ojs/ojinputtext"
      }
    }
  }
}