{
    "openapi": "3.0.0",
    "info": {
        "title": "Jsonplaceholder Typicode Com",
        "version": "1.0.0"
    },
    "servers": [
        {
            "url": "https://jsonplaceholder.typicode.com",
            "description": "Jsonplaceholder Typicode Com"
        }
    ],
    "paths": {
        "/users/": {
            "get": {
                "operationId": "getUsers",
                "responses": {
                    "default": {
                        "description": "Response for default",
                        "content": {
                            "application/json": {
                                "schema": {
                                    "$ref": "#/components/schemas/GetUsers"
                                },
                                "examples": {
                                    "vb": {
                                        "summary": "Example stored by VB User",
                                        "externalValue": "./examples/getUsers/response_default_application_json_vb.json"
                                    }
                                }
                            }
                        }
                    }
                },
                "x-vb": {
                    "actionHint": "getMany"
                }
            }
        },
        "/users/{userid}": {
            "get": {
                "operationId": "getUsersUserid",
                "parameters": [
                    {
                        "name": "userid",
                        "in": "path",
                        "required": true,
                        "schema": {
                            "type": "string"
                        }
                    }
                ],
                "responses": {
                    "default": {
                        "description": "Response for default",
                        "content": {
                            "application/json": {
                                "schema": {
                                    "$ref": "#/components/schemas/GetUsersUserid"
                                },
                                "examples": {
                                    "vb": {
                                        "summary": "Example stored by VB User",
                                        "externalValue": "./examples/getUsersUserid/response_default_application_json_vb.json"
                                    }
                                }
                            }
                        }
                    }
                },
                "x-vb": {
                    "actionHint": "getOne"
                }
            }
        }
    },
    "components": {
        "schemas": {
            "GetUsers": {
                "type": "array",
                "items": {
                    "type": "object",
                    "properties": {
                        "id": {
                            "type": "integer"
                        },
                        "name": {
                            "type": "string"
                        },
                        "username": {
                            "type": "string"
                        },
                        "email": {
                            "type": "string"
                        },
                        "address": {
                            "type": "object",
                            "properties": {
                                "street": {
                                    "type": "string"
                                },
                                "suite": {
                                    "type": "string"
                                },
                                "city": {
                                    "type": "string"
                                },
                                "zipcode": {
                                    "type": "string"
                                },
                                "geo": {
                                    "type": "object",
                                    "properties": {
                                        "lat": {
                                            "type": "string"
                                        },
                                        "lng": {
                                            "type": "string"
                                        }
                                    }
                                }
                            }
                        },
                        "phone": {
                            "type": "string"
                        },
                        "website": {
                            "type": "string"
                        },
                        "company": {
                            "type": "object",
                            "properties": {
                                "name": {
                                    "type": "string"
                                },
                                "catchPhrase": {
                                    "type": "string"
                                },
                                "bs": {
                                    "type": "string"
                                }
                            }
                        }
                    }
                }
            },
            "GetUsersUserid": {
                "type": "object",
                "properties": {
                    "id": {
                        "type": "integer"
                    },
                    "name": {
                        "type": "string"
                    },
                    "username": {
                        "type": "string"
                    },
                    "email": {
                        "type": "string"
                    },
                    "address": {
                        "type": "object",
                        "properties": {
                            "street": {
                                "type": "string"
                            },
                            "suite": {
                                "type": "string"
                            },
                            "city": {
                                "type": "string"
                            },
                            "zipcode": {
                                "type": "string"
                            },
                            "geo": {
                                "type": "object",
                                "properties": {
                                    "lat": {
                                        "type": "string"
                                    },
                                    "lng": {
                                        "type": "string"
                                    }
                                }
                            }
                        }
                    },
                    "phone": {
                        "type": "string"
                    },
                    "website": {
                        "type": "string"
                    },
                    "company": {
                        "type": "object",
                        "properties": {
                            "name": {
                                "type": "string"
                            },
                            "catchPhrase": {
                                "type": "string"
                            },
                            "bs": {
                                "type": "string"
                            }
                        }
                    }
                }
            }
        }
    }
}