{
  "pageModelVersion": "2010.0.0",
  "title": "",
  "description": "",
  "variables": {
    "employeeListSDP": {
      "type": "vb/ServiceDataProvider",
      "defaultValue": {
        "endpoint": "businessObjects/getall_Employee",
        "keyAttributes": "id",
        "itemsPath": "items",
        "responseType": "page:getallEmployeeResponse"
      }
    },
    "oj_table_2002782212_1SelectedId": {
      "type": "string",
      "defaultValue": ""
    }
  },
  "metadata": {},
  "types": {
    "@decorators.getallEmployeeResponse": {
      "endpoint": "getall_Employee",
      "service": "businessObjects",
      "path": "response"
    },
    "getallEmployeeResponse": {
      "items": [
        {
          "age": "number",
          "emailAddress": "string",
          "firstName": "string",
          "fullName": "string",
          "id": "number",
          "lastName": "string",
          "qualification": "string"
        }
      ]
    }
  },
  "chains": {
    "deleteEmployeeChain": {
      "root": "deleteEmployee",
      "variables": {
        "employeeId": {
          "type": "string",
          "input": "fromCaller",
          "required": true
        }
      },
      "actions": {
        "deleteEmployee": {
          "module": "vb/action/builtin/restAction",
          "parameters": {
            "endpoint": "businessObjects/delete_Employee",
            "uriParams": {
              "Employee_Id": "[[ $chain.variables.employeeId ]]"
            }
          },
          "outcomes": {
            "success": "resetSelection",
            "failure": "fireErrorNotification"
          }
        },
        "resetSelection": {
          "module": "vb/action/builtin/resetVariablesAction",
          "parameters": {
            "variables": [
              "[[ '$page.variables.oj_table_2002782212_1SelectedId' ]]"
            ]
          },
          "outcomes": {
            "success": "refreshDataProvider"
          },
          "description": "Resets selection variable",
          "label": "Reset selection"
        },
        "refreshDataProvider": {
          "module": "vb/action/builtin/fireDataProviderEventAction",
          "outcomes": {
            "success": "fireSuccessNotification"
          },
          "parameters": {
            "refresh": null,
            "target": "[[ $page.variables.employeeListSDP ]]"
          }
        },
        "fireSuccessNotification": {
          "module": "vb/action/builtin/fireNotificationEventAction",
          "parameters": {
            "summary": "Employee deleted",
            "message": "[[ 'Employee [' + $chain.variables.employeeId + '] successfully deleted' ]]",
            "type": "confirmation",
            "displayMode": "transient"
          }
        },
        "fireErrorNotification": {
          "module": "vb/action/builtin/fireNotificationEventAction",
          "parameters": {
            "summary": "Delete failed",
            "message": "[[ 'Could not delete data: status ' + $chain.results.deleteEmployee.payload.status ]]",
            "type": "error",
            "displayMode": "persist"
          }
        }
      }
    },
    "HyperlinkClickChain": {
      "description": "",
      "root": "navigateToAdminFlow",
      "actions": {
        "navigateToAdminFlow": {
          "module": "vb/action/builtin/navigateToPageAction",
          "parameters": {
            "page": "/shell/admin/admin-start"
          }
        }
      },
      "variables": {
        "detail": {
          "required": true,
          "type": "any",
          "input": "fromCaller"
        }
      }
    },
    "navigateToCreateEmployeeChain": {
      "root": "navigateToCreate",
      "actions": {
        "navigateToCreate": {
          "module": "vb/action/builtin/navigateToPageAction",
          "parameters": {
            "history": "push",
            "page": "main-create-employee",
            "params": {}
          }
        }
      }
    },
    "navigateToEditEmployeeChain": {
      "root": "navigateToEdit",
      "variables": {
        "employeeId": {
          "type": "string",
          "input": "fromCaller",
          "required": true
        }
      },
      "actions": {
        "navigateToEdit": {
          "module": "vb/action/builtin/navigateToPageAction",
          "parameters": {
            "history": "push",
            "page": "main-edit-employee",
            "params": {
              "employeeId": "[[ $chain.variables.employeeId ]]"
            }
          }
        }
      }
    },
    "oj_table_2002782212_1ChangeSelectionChain": {
      "variables": {
        "employeeId": {
          "type": "string",
          "input": "fromCaller",
          "defaultValue": ""
        }
      },
      "root": "assignVariable",
      "actions": {
        "assignVariable": {
          "module": "vb/action/builtin/assignVariablesAction",
          "parameters": {
            "$page.variables.oj_table_2002782212_1SelectedId": {
              "source": "[[ $chain.variables.employeeId ]]"
            }
          }
        }
      }
    }
  },
  "eventListeners": {
    "aClick": {
      "chains": [
        {
          "chainId": "HyperlinkClickChain",
          "parameters": {
            "detail": "{{ $event.detail }}"
          }
        }
      ]
    },
    "createEmployeeButtonClicked": {
      "chains": [
        {
          "chainId": "navigateToCreateEmployeeChain"
        }
      ]
    },
    "deleteEmployeeButtonClicked": {
      "chains": [
        {
          "chainId": "deleteEmployeeChain",
          "parameters": {
            "employeeId": "[[ $page.variables.oj_table_2002782212_1SelectedId ]]"
          }
        }
      ]
    },
    "editEmployeeButtonClicked": {
      "chains": [
        {
          "chainId": "navigateToEditEmployeeChain",
          "parameters": {
            "employeeId": "[[ $page.variables.oj_table_2002782212_1SelectedId ]]"
          }
        }
      ]
    },
    "oj_table_2002782212_1SelectionChanged": {
      "chains": [
        {
          "chainId": "oj_table_2002782212_1ChangeSelectionChain",
          "parameters": {
            "employeeId": "[[ $event.detail.value.key || '' ]]"
          }
        }
      ]
    }
  },
  "imports": {
    "components": {
      "oj-table": {
        "path": "ojs/ojtable"
      },
      "oj-input-number": {
        "path": "ojs/ojinputnumber"
      },
      "oj-toolbar": {
        "path": "ojs/ojtoolbar"
      },
      "oj-button": {
        "path": "ojs/ojbutton"
      }
    }
  }
}