{
    "displayLabel": "Sales",
    "fields": [
        {
            "displayLabel": "Id",
            "internal": true,
            "key": true,
            "name": "id",
            "oid": "8f4694ce-4e7b-40e1-8b8d-c7a82889e309",
            "required": true,
            "type": "number",
            "unique": true
        },
        {
            "displayLabel": "Created",
            "internal": true,
            "name": "creationDate",
            "oid": "5d98d217-46b4-4b69-91a4-3e91491d467b",
            "type": "datetime"
        },
        {
            "displayLabel": "Last Updated",
            "internal": true,
            "name": "lastUpdateDate",
            "oid": "8019d761-85c5-4c4e-a1ce-3b28cf17cd0f",
            "type": "datetime"
        },
        {
            "displayLabel": "Created By",
            "internal": true,
            "name": "createdBy",
            "oid": "3cbbfaf4-f21c-4b41-ab68-76b8ab48aa11",
            "type": "string"
        },
        {
            "displayLabel": "Last Updated By",
            "internal": true,
            "name": "lastUpdatedBy",
            "oid": "4405cfa0-09f2-4522-be66-817484edcc8d",
            "type": "string"
        },
        {
            "displayLabel": "<internal>",
            "hidden": true,
            "internal": true,
            "name": "abcsChangeNumber",
            "oid": "bdd025d7-150d-40ba-a62f-0965ff53d9a5",
            "type": "number"
        },
        {
            "displayLabel": "Amount",
            "name": "amount",
            "oid": "bdd06357-2cba-4983-9970-2376b035473c",
            "type": "number"
        },
        {
            "displayLabel": "Year",
            "name": "year",
            "oid": "616f97cf-9a1e-4c4b-9d0c-4495f6798061",
            "type": "number"
        },
        {
            "displayLabel": "Department",
            "name": "department",
            "oid": "816a0a67-3090-4ffd-a24d-6acec9a7c2e1",
            "type": "string"
        }
    ],
    "name": "Sales",
    "oid": "39923e39-909f-4e29-94e2-5b2e4ba77cde"
}