{
    "fieldValidators": [],
    "objectFunctions": [],
    "objectValidators": [
        {
            "active": "active",
            "displayName": "Amount validator",
            "errorMessage": "The amount must be between 1 to 500",
            "functionBody": "amount > 0 && amount <= 500",
            "lastUpdate": "2020-12-13T08:34:44",
            "oid": "a56537bb-182a-4c81-bd4d-2ec5845f8286",
            "scriptMimeType": "application/x-adf-groovy"
        }
      ],
    "triggers": [],
    "fieldTriggers": [
        {
            "active": "active",
            "displayName": "Approval Trigger",
            "lastUpdate": "2020-12-12T10:20:03",
            "oid": "130be882-9682-4aad-a2ea-233ed0d24bfb",
            "onField": "amount",
            "scriptMimeType": "application/x-adf-groovy",
            "workflow": {
                "nodeType": "criterion",
                "type": "condition",
                "displayName": "Amount is less than 100",
                "outcomes": {
                    "false": {
                        "nodeType": "criterion",
                        "type": "condition",
                        "displayName": "Amount is greater than or equal to 100",
                        "outcomes": {
                            "false": {
                                "for": "trigger",
                                "nodeType": "terminus",
                                "type": "end"
                            },
                            "true": {
                                "nodeType": "actionGroup",
                                "displayName": "Action Group",
                                "after": {
                                    "nodeType": "terminus",
                                    "type": "end",
                                    "for": "criteria"
                                },
                                "methodDefinition": {
                                    "typeId": "workflowUpdateRecord",
                                    "archetypeId": "WorkflowPage__ExpenseDetailArchetype",
                                    "vars": {
                                        "index": 1,
                                        "entityPath": "primary",
                                        "valueUpdates": "[{\"fieldId\":\"approved\",\"expressionValue\":\"=false\",\"staticValue\":\"false\",\"inputMode\":\"static\",\"required\":false}]",
                                        "methodName": "onExpenseActionGroupExecute2",
                                        "pageEvent": "actionGroupExecute"
                                    },
                                    "outcomeHandlers": {}
                                }
                            }
                        },
                        "condition": {
                            "children": [
                                {
                                    "tooltip": "",
                                    "criteriaLhs": "amount",
                                    "criteriaCond": "number:greaterThanOrEquals",
                                    "criteriaRhsInputMode": "static",
                                    "criteriaRhsInput": 100,
                                    "criteriaRhs": "100"
                                }
                            ],
                            "tooltip": "",
                            "className": "criteria-group-row-outermost",
                            "matchChoice": "all"
                        }
                    },
                    "true": {
                        "nodeType": "actionGroup",
                        "displayName": "Action Group",
                        "after": {
                            "nodeType": "terminus",
                            "type": "end",
                            "for": "criteria"
                        },
                        "methodDefinition": {
                            "typeId": "workflowUpdateRecord",
                            "archetypeId": "WorkflowPage__ExpenseDetailArchetype",
                            "vars": {
                                "index": 1,
                                "entityPath": "primary",
                                "valueUpdates": "[{\"fieldId\":\"approved\",\"expressionValue\":\"=true\",\"staticValue\":\"true\",\"inputMode\":\"static\",\"required\":false}]",
                                "methodName": "onExpenseActionGroupExecute",
                                "pageEvent": "actionGroupExecute"
                            },
                            "outcomeHandlers": {}
                        }
                    }
                },
                "condition": {
                    "children": [
                        {
                            "tooltip": "",
                            "criteriaLhs": "amount",
                            "criteriaCond": "number:lessThan",
                            "criteriaRhsInputMode": "static",
                            "criteriaRhsInput": 100,
                            "criteriaRhs": "100"
                        }
                    ],
                    "tooltip": "",
                    "className": "criteria-group-row-outermost",
                    "matchChoice": "all"
                }
            }
        }
      ]
}