id,creationDate,lastUpdateDate,createdBy,lastUpdatedBy,amount,subject,description,employeeId,approved
52,2020-12-13T10:38:34,2020-12-13T10:38:34,ankur.jain1@techsupper.com,ankur.jain1@techsupper.com,99.0,US Trip,Travel to US,,
53,2020-12-13T10:38:34,2020-12-13T10:38:34,ankur.jain1@techsupper.com,ankur.jain1@techsupper.com,101.0,UK Meeting,Travel to UK,,
54,2020-12-13T10:38:34,2020-12-13T10:38:34,ankur.jain1@techsupper.com,ankur.jain1@techsupper.com,499.0,Roadmap meeting trip,Visual Builder Roadmap meeting,,
55,2020-12-13T10:38:34,2020-12-13T10:38:34,ankur.jain1@techsupper.com,ankur.jain1@techsupper.com,500.0,OIC meetup,OIC confrence,,
56,2020-12-13T10:38:34,2020-12-13T10:38:34,ankur.jain1@techsupper.com,ankur.jain1@techsupper.com,450.0,Getting ready,Testing meeting,,
