{
    "fields": [
        {
            "displayLabel": "Id",
            "internal": true,
            "key": true,
            "name": "id",
            "oid": "4c73d32a-b285-4c97-a571-4b42f94008f5",
            "required": true,
            "type": "number",
            "unique": true
        },
        {
            "displayLabel": "Created",
            "internal": true,
            "name": "creationDate",
            "oid": "3ffe8f02-6bfd-401c-a125-e9f08629910b",
            "type": "datetime"
        },
        {
            "displayLabel": "Last Updated",
            "internal": true,
            "name": "lastUpdateDate",
            "oid": "d0306b75-65eb-454c-9b40-7770bb7fc239",
            "type": "datetime"
        },
        {
            "displayLabel": "Created By",
            "internal": true,
            "name": "createdBy",
            "oid": "a5bdb303-a1df-4660-bfb2-2ed7df4c10a9",
            "type": "string"
        },
        {
            "displayLabel": "Last Updated By",
            "internal": true,
            "name": "lastUpdatedBy",
            "oid": "4f8a1cdd-d824-4c4c-86b3-7c44537e0992",
            "type": "string"
        },
        {
            "displayLabel": "<internal>",
            "hidden": true,
            "internal": true,
            "name": "abcsChangeNumber",
            "oid": "1614b48b-74de-48cc-b55b-d691cb6d783b",
            "type": "number"
        },
        {
            "name": "amount",
            "oid": "68575c92-6ae4-4925-84f1-895565fedd42",
            "displayLabel": "Amount",
            "type": "number"
        },
        {
            "name": "subject",
            "oid": "5aba3472-d6d7-42ea-b0bb-992053d55160",
            "displayLabel": "Subject",
            "type": "string"
        },
        {
            "name": "description",
            "oid": "7d7a8ae0-9096-44c8-a0bf-dfd8d0b7ccf8",
            "displayLabel": "Description",
            "type": "string"
        },
        {
            "name": "employeeId",
            "oid": "08760584-a016-42c5-9fcc-fd0ebcaaa195",
            "displayLabel": "Employee Id",
            "type": "reference"
        },
        {
            "name": "approved",
            "oid": "237f707b-03ac-4de2-a991-d32d300b1c57",
            "displayLabel": "Approved",
            "type": "boolean"
        }
    ],
    "name": "Expense",
    "oid": "26af76ca-d9b8-4038-946d-cd1857b5738c",
    "displayLabel": "Expense",
    "relationships": [
        {
            "name": "employeeIdObject",
            "reverseRelationship": "expenseCollection",
            "targetEntity": "Employee",
            "type": "outgoing",
            "exposeAccessor": true,
            "mappingField": "employeeId",
            "deleteRule": "restrict"
        }
    ],
    "triggers": [
        {
            "definition": "// Field Trigger Beginning \nprintln 'Field Trigger started: Approval Trigger, business object: Expense, field: amount';\n\ntry {\n\n  // Execute Conditionally Criterion (Amount is less than 100)\n  def codeCriterion_1 = (amount < 100);\n  println \"Trigger condition (amount < 100) is \" + codeCriterion_1;\n  if (codeCriterion_1) {\n    // Action Group (Action Group)\n    approved = true;\n\n    return;\n  }\n  // Execute Conditionally Criterion (Amount is greater than or equal to 100)\n  def codeCriterion_2 = (amount >= 100);\n  println \"Trigger condition (amount >= 100) is \" + codeCriterion_2;\n  if (codeCriterion_2) {\n    // Action Group (Action Group)\n    approved = false;\n\n    return;\n  }\n\n} finally {\n\n  // Field Trigger End \n  println 'Field Trigger ended: Approval Trigger';\n\n}",
            "displayName": "Approval Trigger",
            "name": "amount_Field_Rule_0",
            "refId": "130be882-9682-4aad-a2ea-233ed0d24bfb",
            "type": "Modify",
            "onProperty": "amount"
        }
    ],
    "validators": [
        {
            "definition": "amount > 0 && amount <= 500\n",
            "displayName": "Amount validator",
            "errorMessage": "The amount must be between 1 to 500",
            "name": "Validation_Rule_0",
            "refId": "a56537bb-182a-4c81-bd4d-2ec5845f8286"
        }
      ]
}