{
  "title": "",
  "description": "",
  "variables": {
    "NewEmployee": {
      "type": "get_Employee"
    }
  },
  "metadata": {},
  "types": {
    "@decorators.get_Employee": {
      "endpoint": "get_Employee",
      "service": "businessObjects",
      "path": "response"
    },
    "get_Employee": {
      "age": "number",
      "contactNumber": "string",
      "createdBy": "string",
      "emailAddress": "string",
      "firstName": "string",
      "fullName": "string",
      "id": "number",
      "lastName": "string",
      "qualification": "string"
    }
  },
  "chains": {
    "ButtonActionChain": {
      "description": "",
      "root": "ifValidateEmployee",
      "actions": {
        "ifValidateEmployee": {
          "module": "vb/action/builtin/ifAction",
          "parameters": {
            "condition": "{{$page.functions.validateForm(\"new-employee\") }}"
          },
          "outcomes": {
            "true": "callRestCreateEmployee"
          }
        },
        "fireNotification": {
          "module": "vb/action/builtin/fireNotificationEventAction",
          "parameters": {
            "target": "leaf",
            "summary": "[[ $chain.results.callRestCreateEmployee.message.summary ]]",
            "type": "error",
            "displayMode": "persist"
          }
        },
        "callRestCreateEmployee": {
          "module": "vb/action/builtin/restAction",
          "parameters": {
            "endpoint": "businessObjects/create_Employee",
            "body": "{{ $page.variables.NewEmployee }}"
          },
          "outcomes": {
            "failure": "fireNotification",
            "success": "fireNotification2"
          }
        },
        "fireNotification2": {
          "module": "vb/action/builtin/fireNotificationEventAction",
          "parameters": {
            "target": "leaf",
            "summary": "Success",
            "message": "Employee created successfully",
            "displayMode": "transient",
            "type": "confirmation"
          }
        }
      },
      "variables": {
        "detail": {
          "required": true,
          "type": "any",
          "input": "fromCaller"
        }
      }
    }
  },
  "eventListeners": {
    "ojButtonOjAction": {
      "chains": [
        {
          "chainId": "ButtonActionChain",
          "parameters": {
            "detail": "{{ $event.detail }}"
          }
        }
      ]
    }
  },
  "imports": {
    "components": {
      "oj-button": {
        "path": "ojs/ojbutton"
      },
      "oj-input-number": {
        "path": "ojs/ojinputnumber"
      },
      "oj-input-text": {
        "path": "ojs/ojinputtext"
      },
      "oj-validation-group": {
        "path": "ojs/ojvalidationgroup"
      }
    }
  }
}