{
    "displayLabel": "Inventory Details",
    "fields": [
        {
            "displayLabel": "Id",
            "internal": true,
            "key": true,
            "name": "id",
            "oid": "444db939-3666-4803-8662-bc642575ffb1",
            "required": true,
            "type": "number",
            "unique": true
        },
        {
            "displayLabel": "Created",
            "internal": true,
            "name": "creationDate",
            "oid": "c1e35537-369c-418b-9774-a352e05415a3",
            "type": "datetime"
        },
        {
            "displayLabel": "Last Updated",
            "internal": true,
            "name": "lastUpdateDate",
            "oid": "a3d907a5-e3b2-4162-9ba5-ce70ca11034e",
            "type": "datetime"
        },
        {
            "displayLabel": "Created By",
            "internal": true,
            "name": "createdBy",
            "oid": "d88d4292-e5c1-443c-beb1-b03db8e372f8",
            "type": "string"
        },
        {
            "displayLabel": "Last Updated By",
            "internal": true,
            "name": "lastUpdatedBy",
            "oid": "423af202-e590-4591-81bc-312fd0bd4f55",
            "type": "string"
        },
        {
            "displayLabel": "<internal>",
            "hidden": true,
            "internal": true,
            "name": "abcsChangeNumber",
            "oid": "b583643a-79ee-48a3-a981-4f83bcac07af",
            "type": "number"
        },
        {
            "displayLabel": "Name",
            "name": "name",
            "oid": "2263ca65-b0cc-40c7-be8f-1decd41a9854",
            "type": "string"
        },
        {
            "displayLabel": "Quantity",
            "name": "quantity",
            "oid": "be7735a5-376d-498b-b3e2-e22dbe8021c0",
            "type": "number"
        },
        {
            "displayLabel": "Employee Id",
            "name": "employeeId",
            "oid": "756274a9-6a63-4918-ac6a-d63ce16a5126",
            "type": "reference"
        },
        {
            "displayLabel": "Description",
            "name": "description",
            "oid": "89863a9a-4ed5-45a0-a325-705daf78e81a",
            "type": "string"
        }
    ],
    "name": "InventoryDetails",
    "oid": "dce9d0a1-773a-4296-8675-4ccc7e0bd489",
    "relationships": [
        {
            "deleteRule": "restrict",
            "exposeAccessor": true,
            "mappingField": "employeeId",
            "name": "employeeId2",
            "reverseRelationship": "inventoryDetailsCollection",
            "targetEntity": "Employee",
            "type": "outgoing"
        }
    ]
}